,Existing account,Duration month,Credit history,Purpose,Credit amount,Saving,Employment duration,Installment rate,Personal status,Debtors,Residential Duration,Property,Age,Installment plans,Housing,Number of credits,Job,Liable People,Telephone,Foreign worker,Classification
0,0,0.12550150493665424,4,4,0.35831057421211665,4,4,1.0,2,0,1.0,0,0.9166849840933318,2,1,0.44250704934976004,2,0.0,1,0,1
1,1,0.8513107266136218,2,4,0.7369696681510196,0,2,0.44250704934976004,1,0,0.44250704934976004,0,0.10469050988644657,2,1,0.0,2,0.0,0,0,2
2,3,0.3563982738645374,4,7,0.49413518762052444,0,3,0.44250704934976004,2,0,0.7564707973660301,0,0.6863595503462365,2,1,0.0,1,1.0,0,0,1
3,0,0.8025904231702906,2,3,0.8023748216927071,0,3,0.44250704934976004,2,2,1.0,1,0.6239014662166538,2,2,0.0,2,1.0,0,0,1
4,0,0.6003077167403134,3,0,0.6903152128744525,0,2,0.7564707973660301,2,0,1.0,3,0.7440082242341943,2,2,0.44250704934976004,2,1.0,0,0,2
5,3,0.7465363402620467,2,7,0.8346650059017038,4,2,0.44250704934976004,2,0,1.0,3,0.4402892848174531,2,2,0.0,1,1.0,1,0,1
6,3,0.6003077167403134,2,3,0.5644066260213048,2,4,0.7564707973660301,2,0,1.0,1,0.7440082242341943,2,1,0.0,2,0.0,0,0,1
7,1,0.7465363402620467,2,1,0.7730195001479903,0,2,0.44250704934976004,2,0,0.44250704934976004,2,0.4402892848174531,2,0,0.0,3,0.0,1,0,1
8,3,0.3563982738645374,2,4,0.5821021838828035,3,3,0.44250704934976004,0,0,1.0,0,0.8474915411569031,2,1,0.0,1,0.0,0,0,1
9,1,0.6805425739815024,4,0,0.7070906804473929,0,0,1.0,3,0,0.44250704934976004,2,0.2783245389773006,2,1,0.44250704934976004,3,0.0,0,0,2
10,1,0.3563982738645374,2,0,0.38211844025518116,0,1,0.7564707973660301,1,0,0.0,2,0.19652738189166818,2,0,0.0,2,0.0,0,0,2
11,0,0.8513107266136218,2,9,0.6617786466207956,0,1,0.7564707973660301,1,0,1.0,1,0.16714859401602888,2,0,0.0,2,0.0,0,0,2
12,1,0.3563982738645374,2,4,0.42646616977603724,0,2,0.0,1,0,0.0,2,0.10469050988644657,2,1,0.0,2,0.0,1,0,1
13,0,0.6003077167403134,4,0,0.36420390392962587,0,4,1.0,2,0,1.0,2,0.8353113854424357,2,1,0.44250704934976004,1,0.0,0,0,2
14,0,0.43384612818214896,2,0,0.40075030870505124,0,2,0.44250704934976004,1,0,1.0,2,0.2783245389773006,2,0,0.0,2,0.0,0,0,1
15,0,0.6003077167403134,2,4,0.3797717254032573,1,2,1.0,1,0,0.44250704934976004,2,0.375112275481718,2,1,0.0,1,0.0,0,0,2
16,3,0.6003077167403134,4,4,0.5279627965307214,4,4,1.0,2,0,1.0,1,0.7440082242341943,2,1,0.44250704934976004,2,0.0,0,0,1
17,0,0.6805425739815024,0,9,0.8079187133555226,4,1,0.44250704934976004,2,0,0.7564707973660301,2,0.19652738189166818,0,1,0.7564707973660301,2,0.0,0,0,1
18,1,0.6003077167403134,2,1,0.9111733637252759,0,4,1.0,1,0,0.44250704934976004,3,0.607437878833482,2,2,0.0,3,0.0,1,0,2
19,3,0.6003077167403134,2,4,0.6087401170323283,2,4,0.7564707973660301,2,0,0.44250704934976004,2,0.3520623623141783,2,1,0.0,2,1.0,1,0,1
20,3,0.25853846123061575,4,0,0.49831555300812624,0,2,1.0,2,0,1.0,2,0.6712264483428281,2,1,0.7564707973660301,2,0.0,1,0,1
21,0,0.12550150493665424,2,4,0.5484406580243073,2,2,0.44250704934976004,2,0,0.7564707973660301,0,0.607437878833482,2,0,0.0,2,1.0,0,0,1
22,0,0.29408841067471125,4,0,0.5096985966030474,0,1,0.0,2,0,0.7564707973660301,0,0.6712264483428281,2,0,0.44250704934976004,1,1.0,0,1,1
23,1,0.3563982738645374,4,1,0.4592313738532465,1,1,0.7564707973660301,2,0,1.0,1,0.607437878833482,2,1,0.0,2,0.0,0,0,1
24,3,0.29408841067471125,4,3,0.49111863451756355,4,2,0.44250704934976004,3,0,0.0,2,0.22479726790398669,2,1,0.44250704934976004,2,0.0,0,1,1
25,0,0.12550150493665424,2,3,0.3958919469448039,0,2,0.0,2,0,0.44250704934976004,0,0.46081284458896565,0,1,0.0,1,0.0,1,0,1
26,3,0.12550150493665424,0,4,0.12368010732817214,0,4,1.0,3,0,1.0,2,0.5192109563302072,2,1,0.0,1,0.0,0,0,1
27,2,0.3563982738645374,1,4,0.11422322846301092,3,2,0.7564707973660301,1,0,0.7564707973660301,0,0.5733836932529157,2,0,0.44250704934976004,2,0.0,0,0,1
28,1,0.17530766695153333,2,4,0.5270972855929967,0,2,0.7564707973660301,2,2,0.44250704934976004,0,0.4191875211794285,2,1,0.0,2,0.0,0,0,1
29,0,0.9330159884761532,3,9,0.7692372178771856,0,4,0.7564707973660301,2,0,1.0,3,0.8712733186443855,2,1,0.44250704934976004,2,0.0,1,0,2
30,1,0.4979449260045862,2,9,0.47288001308553196,3,1,0.7564707973660301,3,0,0.7564707973660301,0,0.46081284458896565,0,1,0.0,2,0.0,1,0,1
31,0,0.6003077167403134,2,3,0.6456764452310764,0,2,0.44250704934976004,2,0,0.44250704934976004,2,0.2520389271633996,1,1,0.0,2,0.0,0,0,1
32,1,0.4979449260045862,2,0,0.7336214764609572,1,2,0.44250704934976004,2,0,0.44250704934976004,2,0.32828058482669586,2,1,0.44250704934976004,2,0.0,1,0,1
33,3,0.3563982738645374,4,9,0.3764828687908357,4,4,1.0,2,0,1.0,3,0.7975354953075078,2,0,0.0,1,0.0,0,0,1
34,2,0.3563982738645374,2,3,0.412233679380388,0,1,1.0,1,0,0.0,1,0.3974740277631241,0,1,0.0,3,0.0,1,0,1
35,1,0.8277454918906358,4,4,0.6843128035258255,0,1,1.0,2,0,0.44250704934976004,1,0.19652738189166818,2,1,0.44250704934976004,1,0.0,0,0,2
36,3,0.8513107266136218,4,7,0.7431063213729923,0,2,0.0,2,0,0.7564707973660301,3,0.3520623623141783,0,2,0.0,2,0.0,1,0,1
37,2,0.4979449260045862,2,4,0.4945787782076041,0,2,1.0,2,1,0.44250704934976004,0,0.48078904366979236,1,1,0.0,2,0.0,0,0,2
38,2,0.29408841067471125,2,5,0.3691934818958187,0,2,0.44250704934976004,2,0,0.44250704934976004,2,0.48078904366979236,2,1,0.0,2,0.0,1,0,1
39,1,0.25853846123061575,2,4,0.14050180554253577,0,2,1.0,2,0,0.7564707973660301,0,0.16714859401602888,2,1,0.0,2,0.0,0,0,1
40,3,0.6805425739815024,2,4,0.5190596553371256,2,4,1.0,2,0,0.44250704934976004,2,0.32828058482669586,0,1,0.0,3,0.0,0,0,1
41,1,0.3563982738645374,2,4,0.35611174722113526,2,2,0.7564707973660301,0,0,0.0,2,0.22479726790398669,2,1,0.0,2,0.0,1,0,1
42,1,0.4979449260045862,3,6,0.7466596161696972,0,2,0.44250704934976004,2,0,1.0,0,0.607437878833482,2,1,0.0,1,1.0,1,0,1
43,0,0.6805425739815024,4,1,0.7460210037249038,1,3,0.0,3,0,1.0,2,0.16714859401602888,2,0,0.44250704934976004,2,0.0,0,0,1
44,0,0.8513107266136218,4,1,0.7443599425138574,0,4,1.0,1,0,1.0,3,0.8103403040715502,1,2,0.44250704934976004,1,0.0,0,0,2
45,3,0.326542971765594,4,0,0.3990864410765027,0,1,1.0,1,0,1.0,2,0.4402892848174531,2,1,0.44250704934976004,3,0.0,0,0,1
46,3,0.7465363402620467,2,4,0.5156438326849428,2,4,1.0,2,0,1.0,2,0.5192109563302072,2,1,0.0,2,0.0,0,0,1
47,0,0.12550150493665424,2,1,0.39213744474179246,2,0,0.0,1,0,0.44250704934976004,1,0.1365703454007119,2,0,0.0,0,0.0,1,0,1
48,3,0.326542971765594,4,0,0.782214763318406,0,2,0.0,2,0,1.0,1,0.5192109563302072,2,1,0.44250704934976004,1,0.0,0,0,1
49,3,0.3563982738645374,2,4,0.49156800548748225,1,2,1.0,1,1,0.44250704934976004,0,0.2783245389773006,2,1,0.0,2,0.0,0,0,1
50,1,0.6003077167403134,3,3,0.5190596553371256,4,1,1.0,2,0,0.44250704934976004,1,0.3037189394167412,0,1,0.0,1,0.0,0,0,1
51,1,0.6425784273978855,3,1,0.737516544935835,0,4,0.0,2,0,0.44250704934976004,2,0.32828058482669586,2,1,0.44250704934976004,3,0.0,1,0,1
52,3,0.3563982738645374,2,4,0.3761145552802505,0,2,0.7564707973660301,2,0,0.44250704934976004,2,0.19652738189166818,2,1,0.0,2,0.0,0,0,1
53,3,0.4979449260045862,2,1,0.6051852013364387,4,2,0.44250704934976004,2,0,0.0,1,0.3520623623141783,2,1,0.0,2,0.0,1,0,1
54,1,0.7465363402620467,3,0,0.5080314518571785,0,4,1.0,2,0,1.0,3,0.7975354953075078,0,2,0.44250704934976004,2,0.0,1,0,2
55,3,0.12550150493665424,1,0,0.2651194654983029,4,2,0.0,2,2,0.44250704934976004,0,0.22479726790398669,1,1,0.0,1,1.0,0,0,1
56,1,0.3563982738645374,2,4,0.7563584089705371,4,0,0.44250704934976004,2,0,0.0,3,0.7300066376602561,2,1,0.0,3,0.0,1,0,2
57,3,0.7465363402620467,4,4,0.847442477391593,0,2,0.44250704934976004,1,0,0.44250704934976004,2,0.3520623623141783,1,1,0.44250704934976004,2,0.0,0,0,1
58,2,0.4979449260045862,2,0,0.4786456103786485,0,4,0.7564707973660301,1,0,0.44250704934976004,2,0.1365703454007119,2,1,0.0,3,0.0,0,0,1
59,0,0.7465363402620467,4,3,0.7475955808007568,0,1,1.0,1,1,1.0,3,0.1365703454007119,2,0,0.44250704934976004,1,0.0,1,0,2
60,1,0.25853846123061575,2,9,0.39875223557741934,0,2,0.44250704934976004,3,0,0.0,0,0.2520389271633996,0,1,0.0,2,0.0,1,0,1
61,1,0.43384612818214896,4,4,0.4219694280676536,4,4,1.0,2,2,1.0,0,0.7011929671798653,2,1,0.44250704934976004,2,0.0,1,0,1
62,1,0.7465363402620467,0,9,0.4776945402501529,0,4,1.0,2,0,1.0,3,0.8474915411569031,2,2,0.0,3,0.0,1,0,2
63,1,0.8513107266136218,0,9,0.9429811440791815,0,2,0.44250704934976004,2,0,0.44250704934976004,2,0.19652738189166818,2,1,0.0,2,0.0,1,0,2
64,3,0.6003077167403134,2,4,0.5912024901837536,0,1,1.0,1,0,1.0,1,0.22479726790398669,2,1,0.0,2,0.0,1,0,1
65,3,0.6425784273978855,2,6,0.7051259536546255,4,4,1.0,2,0,1.0,1,0.6712264483428281,2,1,1.0,2,1.0,1,0,1
66,3,0.3563982738645374,2,4,0.5023150204860445,0,1,0.44250704934976004,1,0,0.44250704934976004,2,0.3037189394167412,0,1,0.0,2,0.0,0,0,1
67,1,0.3563982738645374,2,0,0.32361895287674214,3,2,1.0,3,0,0.0,0,0.10469050988644657,2,1,0.0,2,0.0,0,0,1
68,3,0.7465363402620467,2,7,0.46115779111141175,0,2,1.0,2,0,1.0,3,0.48078904366979236,1,2,0.0,2,0.0,1,0,2
69,3,0.7465363402620467,2,4,0.5250651563314623,4,2,1.0,1,0,1.0,2,0.19652738189166818,2,1,0.0,2,0.0,0,0,1
70,3,0.7465363402620467,2,1,0.8096709545535274,0,2,0.0,1,0,0.44250704934976004,1,0.32828058482669586,0,1,0.0,2,0.0,0,0,1
71,3,0.17530766695153333,4,4,0.24882631256668364,4,4,1.0,2,0,0.44250704934976004,1,0.6400109703637957,2,0,0.44250704934976004,1,0.0,1,0,1
72,0,0.21923981534903902,4,2,0.3573136815101694,0,4,0.7564707973660301,2,0,1.0,3,0.7157383382218758,0,2,0.44250704934976004,3,1.0,1,0,1
73,1,0.8025904231702906,4,9,0.7370869642432596,0,3,0.44250704934976004,1,0,0.0,0,0.5557578665801408,0,1,0.44250704934976004,1,0.0,0,0,1
74,0,0.7465363402620467,2,7,0.48053617175691166,4,4,1.0,2,0,1.0,3,0.5377072805697165,2,1,0.0,3,0.0,1,0,2
75,0,0.3563982738645374,4,1,0.420298611764343,0,4,1.0,2,0,1.0,3,0.9055875504250546,2,2,0.44250704934976004,3,0.0,0,0,1
76,0,0.8025904231702906,2,4,0.6424705413054388,0,1,1.0,2,0,0.7564707973660301,2,0.4191875211794285,2,1,0.0,2,0.0,0,0,2
77,1,0.326542971765594,3,4,0.6855354877643007,0,3,0.44250704934976004,2,0,1.0,1,0.7157383382218758,2,1,0.0,2,0.0,0,0,1
78,3,0.8943961274150246,0,1,0.844257768515364,4,2,0.44250704934976004,2,0,0.44250704934976004,1,0.5192109563302072,2,1,0.0,1,1.0,0,0,1
79,1,0.6805425739815024,2,3,0.63453056036441,0,1,0.44250704934976004,3,0,0.0,1,0.10469050988644657,2,1,0.0,2,0.0,0,0,1
80,3,0.6003077167403134,2,4,0.7366565893006953,4,1,0.0,1,0,0.0,2,0.607437878833482,2,1,0.44250704934976004,2,0.0,1,0,2
81,3,0.43384612818214896,2,4,0.3669038822218016,2,4,1.0,2,0,0.7564707973660301,1,0.6557813017309195,1,1,0.0,2,0.0,1,0,1
82,3,0.4979449260045862,2,9,0.42661457532146896,1,2,0.7564707973660301,1,0,1.0,1,0.16714859401602888,2,0,0.0,1,0.0,0,0,1
83,0,0.6003077167403134,2,2,0.45282494286537833,0,4,1.0,1,2,1.0,0,0.8103403040715502,2,1,0.0,1,0.0,1,0,1
84,0,0.29408841067471125,2,4,0.5172575243477444,0,4,0.7564707973660301,2,0,1.0,0,0.7300066376602561,2,1,0.0,1,0.0,0,0,1
85,3,0.3563982738645374,4,9,0.40223768814357697,0,2,1.0,1,2,0.44250704934976004,0,0.3037189394167412,2,1,0.44250704934976004,3,0.0,1,0,1
86,1,0.4979449260045862,4,3,0.38211844025518116,0,1,1.0,1,0,0.0,1,0.2520389271633996,2,1,0.44250704934976004,2,0.0,0,0,1
87,1,0.7465363402620467,2,7,0.9117831798938534,1,2,0.0,2,0,1.0,3,0.6557813017309195,2,2,0.0,2,1.0,1,0,2
88,0,0.4979449260045862,2,0,0.5105277126715317,1,3,1.0,2,0,0.7564707973660301,2,0.32828058482669586,2,1,0.0,3,1.0,1,0,1
89,0,0.3563982738645374,0,6,0.3458466761426413,0,3,1.0,2,0,0.7564707973660301,0,0.2783245389773006,2,1,0.44250704934976004,2,0.0,0,0,2
90,3,0.3563982738645374,4,4,0.21011407564220352,0,4,1.0,2,0,1.0,0,0.7845079830865336,2,1,0.0,2,0.0,0,0,1
91,0,0.3563982738645374,4,1,0.4017429502525003,0,4,1.0,2,0,0.7564707973660301,0,0.7577528864112137,2,1,0.0,2,0.0,0,0,1
92,3,0.3563982738645374,4,4,0.2692394684532182,4,4,1.0,1,0,0.7564707973660301,1,0.3974740277631241,0,1,0.0,1,1.0,0,0,2
93,2,0.6003077167403134,4,3,0.6210933502619747,4,4,1.0,2,1,1.0,3,0.03654691024993317,2,0,0.44250704934976004,2,0.0,0,0,1
94,1,0.3563982738645374,2,0,0.3862132334748547,3,4,1.0,2,0,1.0,0,0.7577528864112137,2,1,0.0,2,0.0,1,0,1
95,1,0.8943961274150246,0,9,0.9663640452818267,0,1,0.7564707973660301,2,0,1.0,3,0.8103403040715502,2,0,0.0,2,0.0,1,0,2
96,3,0.3563982738645374,4,7,0.484619009152772,4,3,1.0,1,0,0.44250704934976004,2,0.8474915411569031,2,1,0.0,2,0.0,0,0,1
97,1,0.4979449260045862,2,9,0.5462325776259136,1,2,1.0,2,0,1.0,2,0.4191875211794285,2,1,0.0,2,0.0,0,0,1
98,1,0.7465363402620467,4,4,0.5194582412052782,0,4,1.0,2,0,1.0,0,0.46081284458896565,2,1,0.0,2,0.0,0,0,1
99,1,0.5352752709813305,3,1,0.7766423869900949,4,3,0.7564707973660301,2,0,1.0,1,0.46081284458896565,0,0,0.44250704934976004,3,1.0,1,0,1
100,3,0.6003077167403134,2,0,0.41144327424020877,1,4,1.0,3,0,1.0,0,0.5557578665801408,2,0,0.0,1,0.0,0,0,1
101,1,0.7465363402620467,2,4,0.5180601944193919,0,3,1.0,2,0,1.0,2,0.16714859401602888,2,0,0.0,2,0.0,0,0,1
102,3,0.12550150493665424,3,4,0.3056212680987487,0,2,0.7564707973660301,1,0,0.44250704934976004,0,0.16714859401602888,2,1,0.0,2,0.0,0,0,1
103,1,0.25853846123061575,4,3,0.4736085710828746,0,3,1.0,2,0,0.7564707973660301,2,0.4402892848174531,2,0,0.0,2,0.0,1,0,1
104,3,0.3563982738645374,2,1,0.5299698941199171,4,1,0.44250704934976004,3,0,1.0,2,0.22479726790398669,2,0,0.0,2,0.0,1,0,1
105,1,0.6003077167403134,4,2,0.8989997678912607,0,2,0.44250704934976004,2,1,0.7564707973660301,2,0.5192109563302072,2,1,0.44250704934976004,3,1.0,1,0,2
106,3,0.4979449260045862,1,0,0.7559983004672111,0,4,0.44250704934976004,2,0,1.0,3,0.5192109563302072,0,1,0.44250704934976004,3,1.0,1,0,2
107,1,0.3563982738645374,2,0,0.7418842068538267,0,3,0.44250704934976004,2,0,0.44250704934976004,2,0.375112275481718,2,1,0.0,2,0.0,0,0,1
108,0,0.6003077167403134,2,3,0.7975714947686323,4,1,0.0,1,0,0.44250704934976004,1,0.32828058482669586,2,1,0.0,2,0.0,1,1,1
109,1,0.4097737660446762,2,9,0.4019079797454994,2,4,0.0,3,0,0.44250704934976004,0,0.4402892848174531,2,1,0.0,2,0.0,1,0,1
110,1,0.12550150493665424,3,9,0.4082545382089702,1,4,0.0,0,0,0.44250704934976004,2,0.3520623623141783,0,1,0.44250704934976004,2,1.0,0,0,1
111,2,0.43384612818214896,2,7,0.10436581654805765,0,1,1.0,1,0,1.0,1,0.1365703454007119,2,0,0.0,2,0.0,1,0,1
112,1,0.4979449260045862,2,0,0.7487509745416938,0,3,0.7564707973660301,2,0,0.7564707973660301,0,0.2783245389773006,2,0,0.0,1,0.0,0,0,1
113,3,0.7465363402620467,4,0,0.8015761805339756,0,2,1.0,1,0,0.44250704934976004,0,0.19652738189166818,1,1,0.44250704934976004,2,0.0,1,0,2
114,0,0.3563982738645374,2,4,0.4426644374470188,2,4,0.7564707973660301,3,0,0.0,0,0.4402892848174531,2,1,0.0,2,0.0,0,0,1
115,3,0.8513107266136218,4,4,0.6185705551039866,4,4,1.0,2,0,0.0,0,0.6557813017309195,2,1,0.0,2,0.0,1,0,1
116,0,0.8025904231702906,2,4,0.7804694342771006,4,3,1.0,1,0,0.7564707973660301,2,0.32828058482669586,2,1,0.0,3,0.0,1,0,2
117,0,0.29408841067471125,4,3,0.498097395456895,4,1,0.44250704934976004,1,1,0.7564707973660301,0,0.2520389271633996,2,0,0.44250704934976004,2,0.0,0,1,1
118,0,0.714997097804485,4,3,0.6603155058627441,2,2,0.0,1,0,1.0,2,0.1365703454007119,2,1,0.44250704934976004,2,0.0,0,0,2
119,1,0.3563982738645374,4,0,0.5223277562319426,2,3,0.7564707973660301,0,0,0.7564707973660301,2,0.46081284458896565,2,1,0.0,3,0.0,1,0,1
120,0,0.5526268719053268,2,4,0.46319521409800424,0,2,0.7564707973660301,1,0,0.44250704934976004,0,0.19652738189166818,2,1,0.44250704934976004,2,0.0,1,0,2
121,3,0.6003077167403134,4,1,0.6367065999050907,0,4,1.0,1,0,0.44250704934976004,2,0.5557578665801408,2,0,0.44250704934976004,3,0.0,1,0,1
122,3,0.3563982738645374,2,3,0.4545418659240035,0,2,0.7564707973660301,2,0,0.44250704934976004,0,0.16714859401602888,2,0,0.0,1,0.0,0,0,1
123,2,0.29408841067471125,4,0,0.2645248953407464,0,4,1.0,2,0,1.0,3,0.8712733186443855,2,2,0.44250704934976004,2,0.0,1,0,1
124,1,0.4979449260045862,2,3,0.4742139656767197,4,1,1.0,1,0,0.7564707973660301,0,0.2520389271633996,2,0,0.0,2,0.0,0,0,2
125,0,0.3563982738645374,4,0,0.4968938604648534,0,2,1.0,2,0,0.44250704934976004,1,0.32828058482669586,2,1,0.44250704934976004,2,0.0,0,0,1
126,0,0.3563982738645374,2,4,0.23940360442731712,0,2,1.0,3,0,0.44250704934976004,0,0.5377072805697165,2,1,0.0,1,0.0,0,0,1
127,1,0.3563982738645374,2,6,0.21788009518772,0,2,1.0,2,0,0.44250704934976004,2,0.32828058482669586,2,1,0.0,2,0.0,0,0,2
128,1,0.3563982738645374,4,1,0.46634341045060856,0,0,1.0,2,0,0.44250704934976004,2,0.4191875211794285,2,1,0.44250704934976004,3,0.0,1,0,1
129,0,0.3563982738645374,4,0,0.6133749295708268,0,2,0.7564707973660301,1,1,0.44250704934976004,0,0.3037189394167412,2,1,0.44250704934976004,2,0.0,0,0,2
130,1,0.8513107266136218,2,0,0.8195872690203219,4,3,0.0,1,0,0.44250704934976004,2,0.16714859401602888,2,1,0.0,2,0.0,0,0,1
131,0,0.7465363402620467,3,7,0.7709671316455498,0,2,1.0,2,0,0.7564707973660301,1,0.3037189394167412,1,1,0.0,2,0.0,1,0,2
132,3,0.43384612818214896,2,3,0.5537420704754168,0,1,0.44250704934976004,2,0,0.7564707973660301,1,0.2520389271633996,0,1,0.44250704934976004,1,0.0,0,0,1
133,3,0.4979449260045862,2,3,0.481358488348105,0,2,1.0,2,0,1.0,3,0.6557813017309195,0,2,0.44250704934976004,2,0.0,0,0,1
134,3,0.9330159884761532,2,4,0.8610973073289774,1,3,0.44250704934976004,1,0,1.0,0,0.07139333606497722,2,1,0.0,2,0.0,1,0,1
135,3,0.3563982738645374,4,4,0.3720241704897431,4,4,1.0,1,0,0.44250704934976004,0,0.5002463213084094,2,1,0.44250704934976004,2,0.0,1,0,1
136,3,0.6425784273978855,3,1,0.8230172849308848,3,2,0.44250704934976004,2,0,0.44250704934976004,2,0.2520389271633996,2,1,0.44250704934976004,2,0.0,0,0,1
137,1,0.3563982738645374,2,4,0.2600165409209729,2,2,1.0,2,0,0.7564707973660301,0,0.9055875504250546,2,1,0.0,1,0.0,0,0,2
138,1,0.43384612818214896,4,4,0.5554542818741961,4,3,1.0,2,2,0.44250704934976004,0,0.4402892848174531,0,1,0.7564707973660301,2,0.0,1,0,1
139,2,0.3563982738645374,2,4,0.4689553832977744,0,2,0.44250704934976004,1,0,0.44250704934976004,2,0.607437878833482,2,0,0.0,1,0.0,1,0,1
140,2,0.12550150493665424,2,0,0.2420412993948846,3,1,0.44250704934976004,3,0,0.44250704934976004,0,0.2520389271633996,2,1,0.0,0,0.0,0,1,1
141,1,0.7465363402620467,2,4,0.6867032532073893,0,1,1.0,1,0,0.0,3,0.32828058482669586,2,1,0.0,3,0.0,1,0,1
142,0,0.6425784273978855,2,4,0.6077883524873768,0,2,0.7564707973660301,2,0,0.44250704934976004,2,0.2520389271633996,2,1,0.0,3,0.0,0,0,1
143,0,0.4979449260045862,2,3,0.5315821065261357,0,2,0.44250704934976004,2,0,0.44250704934976004,2,0.10469050988644657,2,1,0.0,2,0.0,0,0,2
144,3,0.5526268719053268,4,3,0.5145278946176297,0,1,1.0,1,0,1.0,1,0.1365703454007119,2,1,0.0,2,0.0,1,0,1
145,1,0.8513107266136218,1,9,0.6177887774081783,1,3,1.0,2,0,0.44250704934976004,2,0.32828058482669586,2,1,0.0,2,0.0,0,0,1
146,0,0.12550150493665424,4,0,0.2869270188123467,0,4,0.0,1,0,1.0,3,0.5192109563302072,2,1,0.44250704934976004,2,0.0,1,0,1
147,3,0.3563982738645374,4,0,0.2330166222074379,1,3,1.0,1,0,0.7564707973660301,2,0.7157383382218758,2,1,0.44250704934976004,2,0.0,1,0,1
148,0,0.7465363402620467,4,3,0.7131040346203459,0,2,0.7564707973660301,2,2,0.44250704934976004,1,0.2783245389773006,2,1,0.44250704934976004,2,0.0,0,0,1
149,3,0.4979449260045862,4,4,0.4286823790601433,3,4,1.0,2,0,1.0,2,0.6400109703637957,2,1,0.44250704934976004,2,0.0,0,0,1
150,3,0.12550150493665424,2,4,0.39110289152715394,1,4,0.44250704934976004,2,0,1.0,3,0.5733836932529157,0,2,0.0,2,1.0,1,0,1
151,3,0.29408841067471125,2,4,0.4742139656767197,0,2,0.0,2,0,1.0,1,0.5002463213084094,2,1,0.0,2,0.0,1,1,1
152,2,0.7465363402620467,2,4,0.7329062260480339,0,2,1.0,2,0,0.0,2,0.16714859401602888,2,1,0.0,2,0.0,0,0,1
153,1,0.6003077167403134,4,1,0.798684169367665,3,4,0.44250704934976004,1,0,1.0,3,0.3037189394167412,2,0,0.0,2,0.0,0,0,1
154,1,0.6003077167403134,3,9,0.7736550840324723,1,3,1.0,2,0,1.0,2,0.46081284458896565,2,0,0.0,3,0.0,1,0,1
155,0,0.3563982738645374,2,3,0.3797717254032573,0,2,0.44250704934976004,1,0,1.0,2,0.03654691024993317,2,0,0.0,2,0.0,0,0,2
156,0,0.25853846123061575,4,6,0.38085776511887537,1,4,0.7564707973660301,2,2,1.0,0,0.6712264483428281,2,1,0.44250704934976004,2,1.0,0,1,1
157,0,0.3563982738645374,1,8,0.07064523209249485,0,4,1.0,3,0,0.0,2,0.6239014662166538,0,1,0.0,1,0.0,0,0,1
158,1,0.6003077167403134,2,0,0.6142379173471546,1,3,0.44250704934976004,2,0,0.7564707973660301,2,0.5002463213084094,0,1,0.44250704934976004,2,0.0,1,0,1
159,3,0.12550150493665424,4,4,0.4710485788533272,4,2,0.0,2,0,0.44250704934976004,0,0.4191875211794285,2,1,0.44250704934976004,1,1.0,0,0,1
160,3,0.6003077167403134,4,4,0.5674238836580581,1,4,0.7564707973660301,2,0,1.0,0,0.46081284458896565,2,1,0.0,2,1.0,1,0,1
161,3,0.4979449260045862,4,0,0.3344476071887674,0,1,1.0,1,0,0.0,1,0.32828058482669586,2,1,0.44250704934976004,2,0.0,0,0,1
162,3,0.43384612818214896,2,5,0.3761145552802505,2,3,1.0,2,0,0.7564707973660301,1,0.46081284458896565,2,1,0.44250704934976004,2,0.0,1,0,1
163,1,0.29408841067471125,2,0,0.7847766171053299,0,0,0.44250704934976004,2,0,1.0,3,0.9490236637701055,0,2,0.0,3,0.0,1,0,1
164,3,0.7465363402620467,2,0,0.2998110868336774,2,4,1.0,2,0,1.0,1,0.46081284458896565,2,1,0.0,2,0.0,0,0,1
165,3,0.12550150493665424,2,3,0.5758574969814134,2,2,0.0,2,0,0.44250704934976004,2,0.375112275481718,2,1,0.0,2,0.0,1,0,1
166,0,0.4979449260045862,2,3,0.350624893068501,0,0,1.0,1,0,0.44250704934976004,2,0.3974740277631241,2,1,0.0,2,0.0,0,0,2
167,1,0.326542971765594,2,3,0.42794598461452216,3,1,1.0,1,0,0.0,0,0.03654691024993317,2,1,0.0,2,0.0,0,0,1
168,3,0.6003077167403134,2,3,0.6428810260146296,0,3,0.44250704934976004,1,0,1.0,1,0.19652738189166818,2,0,0.0,2,0.0,1,0,1
169,1,0.6003077167403134,4,9,0.47554031735719415,0,4,1.0,0,0,1.0,0,0.3520623623141783,2,1,0.44250704934976004,2,0.0,1,0,2
170,0,0.43384612818214896,0,0,0.310069315993841,0,4,1.0,2,0,0.7564707973660301,2,0.3974740277631241,2,0,0.44250704934976004,2,1.0,0,0,2
171,3,0.3563982738645374,2,3,0.25910429642175714,0,2,1.0,1,0,0.0,0,0.22479726790398669,2,1,0.0,2,0.0,1,0,1
172,1,0.6003077167403134,3,3,0.4905556981123038,0,0,0.7564707973660301,1,0,0.44250704934976004,1,0.4191875211794285,2,1,0.0,3,0.0,1,0,2
173,1,0.21923981534903902,2,4,0.4025669301929866,0,2,1.0,2,2,0.44250704934976004,0,0.3974740277631241,2,1,0.0,2,0.0,0,1,1
174,0,0.5526268719053268,3,7,0.607652067887392,0,1,0.44250704934976004,2,0,0.0,1,0.22479726790398669,2,1,0.44250704934976004,2,0.0,0,0,2
175,3,0.6805425739815024,1,1,0.7903464690495876,4,0,1.0,1,0,0.0,0,0.7440082242341943,0,1,0.0,3,0.0,1,0,2
176,0,0.3563982738645374,2,3,0.5422044693966097,0,2,0.44250704934976004,0,0,0.0,2,0.5733836932529157,2,1,0.0,2,0.0,0,0,1
177,0,0.12550150493665424,4,4,0.06995959362880844,2,4,1.0,2,0,1.0,2,0.7300066376602561,2,1,0.44250704934976004,2,0.0,0,0,1
178,3,0.3563982738645374,2,4,0.47888277197850715,0,3,1.0,2,0,0.44250704934976004,2,0.3520623623141783,2,0,0.44250704934976004,3,1.0,1,0,1
179,0,0.5526268719053268,4,0,0.19173277136090316,0,4,1.0,2,0,1.0,0,0.8943232318119252,2,1,0.44250704934976004,2,0.0,0,0,1
180,3,0.7465363402620467,3,9,0.8475884172647903,0,1,0.0,0,0,0.0,2,0.2783245389773006,2,1,0.44250704934976004,2,0.0,0,0,2
181,1,0.7465363402620467,3,9,0.6695872033785322,0,2,0.44250704934976004,0,0,0.44250704934976004,0,0.32828058482669586,1,1,0.44250704934976004,3,0.0,1,0,2
182,0,0.5526268719053268,1,0,0.4380493598869082,4,2,1.0,2,0,0.44250704934976004,1,0.5377072805697165,2,1,0.44250704934976004,1,1.0,0,0,2
183,3,0.6003077167403134,4,3,0.6311662724083915,3,2,1.0,2,0,1.0,0,0.7011929671798653,2,1,0.0,2,0.0,1,0,1
184,1,0.4979449260045862,4,0,0.2933267095955887,0,4,1.0,2,0,1.0,2,0.46081284458896565,0,1,0.0,2,1.0,1,0,2
185,3,0.43384612818214896,4,4,0.3935097351724799,0,2,1.0,2,0,0.44250704934976004,1,0.3520623623141783,2,1,0.44250704934976004,2,0.0,0,0,1
186,1,0.25853846123061575,1,1,0.7023744015116109,0,4,0.44250704934976004,1,0,1.0,3,0.9900784897629773,0,2,0.0,3,1.0,1,0,2
187,1,0.4564586365738693,4,0,0.35950123711572335,0,0,0.44250704934976004,2,0,0.7564707973660301,2,0.9276204056333954,2,2,0.7564707973660301,0,0.0,1,0,1
188,0,0.3563982738645374,2,4,0.2302740386089981,1,3,1.0,3,0,0.0,1,0.03654691024993317,2,1,0.0,2,0.0,0,0,2
189,1,0.4979449260045862,0,3,0.5957661240417496,0,2,0.0,1,0,1.0,2,0.3974740277631241,0,1,0.44250704934976004,2,0.0,1,0,1
190,3,0.6003077167403134,2,9,0.6765853600281291,3,2,0.44250704934976004,2,0,0.7564707973660301,1,0.7577528864112137,2,1,0.7564707973660301,3,0.0,1,0,2
191,1,0.8513107266136218,0,9,0.6352581694698736,1,3,1.0,2,0,1.0,3,0.4191875211794285,2,2,0.0,1,1.0,0,0,2
192,1,0.6425784273978855,2,9,0.6395172653279828,0,2,1.0,2,0,0.44250704934976004,2,0.46081284458896565,2,1,0.0,2,1.0,1,0,2
193,3,0.12550150493665424,2,4,0.49546343139639526,0,3,0.44250704934976004,3,0,0.44250704934976004,0,0.3037189394167412,2,0,0.0,2,0.0,0,0,1
194,1,0.8277454918906358,2,4,0.579962420120711,1,2,1.0,2,2,1.0,1,0.07139333606497722,2,0,0.0,2,0.0,0,0,2
195,1,0.25853846123061575,4,7,0.41645609978104603,0,4,0.44250704934976004,1,0,0.7564707973660301,2,0.4191875211794285,2,1,0.44250704934976004,3,0.0,1,0,2
196,3,0.12550150493665424,4,4,0.3972423442934083,0,2,0.0,1,0,0.0,2,0.2783245389773006,2,1,0.44250704934976004,2,0.0,1,0,1
197,1,0.3563982738645374,2,3,0.31031395510214455,1,1,1.0,1,0,1.0,2,0.2520389271633996,0,0,1.0,2,0.0,0,0,2
198,1,0.6003077167403134,2,1,0.5581678903413154,4,4,1.0,2,0,1.0,3,0.46081284458896565,0,2,0.0,2,0.0,1,0,1
199,1,0.4979449260045862,3,3,0.661183661983765,0,4,1.0,0,0,0.7564707973660301,3,0.5377072805697165,2,1,0.0,3,0.0,1,0,2
200,3,0.25853846123061575,4,7,0.3066170946020388,2,4,1.0,2,0,0.44250704934976004,2,0.7300066376602561,2,1,0.44250704934976004,2,0.0,1,0,1
201,0,0.3563982738645374,2,0,0.3581115369275438,0,2,1.0,3,0,0.7564707973660301,0,0.2520389271633996,2,1,0.0,1,0.0,0,0,1
202,3,0.6425784273978855,3,9,0.7018292628780878,0,3,0.7564707973660301,2,0,1.0,2,0.22479726790398669,2,1,0.44250704934976004,2,0.0,0,0,1
203,0,0.3563982738645374,2,8,0.2980135945802622,0,3,1.0,3,0,1.0,1,0.07139333606497722,2,0,0.0,2,0.0,0,0,2
204,3,0.3563982738645374,4,0,0.4155243810315903,0,4,1.0,2,0,0.0,0,0.5002463213084094,2,1,0.44250704934976004,1,1.0,0,0,1
205,0,0.6805425739815024,4,1,0.8718362513961928,0,4,0.7564707973660301,2,0,1.0,3,0.5002463213084094,2,2,0.7564707973660301,3,1.0,1,0,1
206,3,0.3563982738645374,4,3,0.47554031735719415,0,4,1.0,2,0,1.0,0,0.5906042923951844,2,1,0.7564707973660301,2,0.0,1,0,1
207,1,0.3563982738645374,4,5,0.4042061911235222,0,3,1.0,2,0,0.7564707973660301,1,0.22479726790398669,2,1,0.0,2,0.0,0,0,1
208,0,0.6003077167403134,2,9,0.7599291814013953,0,2,0.44250704934976004,3,0,0.44250704934976004,2,0.07139333606497722,1,1,0.0,1,0.0,0,0,1
209,3,0.3563982738645374,2,1,0.4024023673793984,3,3,0.7564707973660301,2,0,0.44250704934976004,1,0.7712498834936072,2,1,0.0,2,0.0,0,1,1
210,3,0.25853846123061575,4,4,0.5832404457603853,4,2,0.0,2,0,0.44250704934976004,0,0.3974740277631241,2,1,0.44250704934976004,2,1.0,0,0,1
211,3,0.7465363402620467,2,4,0.6347126759742665,4,4,0.44250704934976004,1,0,1.0,0,0.6239014662166538,2,1,0.0,1,0.0,1,0,1
212,0,0.6425784273978855,0,9,0.7096994400762084,0,0,0.44250704934976004,2,0,1.0,1,0.7011929671798653,1,1,0.44250704934976004,2,0.0,1,0,2
213,2,0.6805425739815024,3,9,0.47227113465799353,0,4,1.0,2,0,1.0,0,0.9055875504250546,2,1,0.0,3,0.0,1,0,2
214,3,0.7465363402620467,4,4,0.6026919114338085,4,4,1.0,2,0,0.44250704934976004,2,0.7157383382218758,2,1,0.0,2,0.0,1,0,1
215,1,0.12550150493665424,4,8,0.3056212680987487,4,3,0.0,1,0,0.7564707973660301,1,0.5192109563302072,2,1,0.44250704934976004,1,0.0,0,0,1
216,0,0.4979449260045862,0,9,0.5855004061349836,0,3,0.7564707973660301,2,0,0.0,1,0.3520623623141783,0,1,0.0,2,0.0,1,0,1
217,2,0.7465363402620467,2,4,0.6393983513585384,0,2,0.44250704934976004,2,0,0.44250704934976004,0,0.1365703454007119,2,1,0.0,2,0.0,1,0,1
218,0,0.6003077167403134,2,3,0.5791934267218695,0,2,0.44250704934976004,0,0,0.44250704934976004,0,0.16714859401602888,2,0,0.0,1,0.0,0,0,1
219,3,0.29408841067471125,2,0,0.39419285845109786,0,2,0.44250704934976004,1,0,1.0,2,0.8828869322379043,2,1,0.0,2,0.0,1,0,1
220,1,0.3563982738645374,2,4,0.21273164319424098,0,1,1.0,3,2,0.0,0,0.22479726790398669,0,1,0.0,1,0.0,0,0,1
221,0,0.3563982738645374,2,7,0.36439780155860113,4,2,1.0,1,0,1.0,1,0.1365703454007119,0,0,0.0,2,0.0,1,0,1
222,3,0.3563982738645374,2,4,0.24138467247110307,0,2,1.0,2,0,0.44250704934976004,0,0.32828058482669586,0,1,0.44250704934976004,2,0.0,0,0,1
223,3,0.6003077167403134,3,9,0.5758574969814134,4,2,1.0,2,0,1.0,0,0.375112275481718,2,1,0.44250704934976004,2,1.0,1,0,1
224,3,0.43384612818214896,2,1,0.6799071655781084,0,2,0.7564707973660301,2,0,0.44250704934976004,2,0.32828058482669586,2,1,0.0,2,0.0,1,0,1
225,3,0.7465363402620467,0,6,0.545432513133439,0,2,1.0,2,0,0.44250704934976004,2,0.2520389271633996,2,1,0.44250704934976004,2,0.0,0,0,1
226,1,0.8513107266136218,2,4,0.8791265389463954,3,3,0.0,2,1,0.44250704934976004,3,0.2520389271633996,0,1,0.44250704934976004,2,0.0,1,0,2
227,0,0.3563982738645374,2,3,0.8018722931424427,0,4,1.0,2,0,1.0,3,0.7440082242341943,2,2,0.0,3,0.0,1,0,2
228,3,0.25853846123061575,2,4,0.4128640767599281,0,3,1.0,2,0,0.44250704934976004,2,0.10469050988644657,2,1,0.0,2,0.0,0,0,2
229,0,0.6003077167403134,2,3,0.5888497314034473,0,1,1.0,2,0,0.0,3,0.10469050988644657,0,2,0.0,2,0.0,0,0,1
230,2,0.7465363402620467,2,4,0.6564235135349752,0,2,1.0,2,0,0.44250704934976004,2,0.22479726790398669,2,1,0.0,2,0.0,0,0,2
231,3,0.25853846123061575,2,0,0.5357965986603979,2,4,0.44250704934976004,2,0,1.0,3,0.7157383382218758,2,2,0.0,1,0.0,0,0,1
232,3,0.3563982738645374,2,4,0.4990774983369852,1,3,0.7564707973660301,2,0,0.0,3,0.4402892848174531,2,1,0.0,2,0.0,0,0,1
233,1,0.4979449260045862,2,4,0.2885435120456725,0,2,1.0,3,2,0.44250704934976004,0,0.19652738189166818,2,1,0.0,1,0.0,0,0,1
234,3,0.0,4,4,0.4230264643510795,0,3,0.44250704934976004,2,0,0.0,0,0.5733836932529157,2,1,0.7564707973660301,1,1.0,0,0,1
235,0,0.6003077167403134,2,4,0.461668821152285,0,0,1.0,2,0,0.44250704934976004,2,0.32828058482669586,1,1,0.0,3,1.0,0,0,2
236,1,0.12550150493665424,2,0,0.9451339462329535,4,0,0.0,2,0,0.44250704934976004,1,0.1365703454007119,2,1,0.0,0,0.0,1,0,2
237,1,0.5526268719053268,2,9,0.5587572987339611,1,4,1.0,0,0,0.44250704934976004,2,0.8474915411569031,0,0,0.44250704934976004,1,0.0,0,0,2
238,3,0.3563982738645374,4,4,0.38139889071737376,0,2,1.0,1,0,0.44250704934976004,1,0.4402892848174531,2,1,0.44250704934976004,2,0.0,0,0,1
239,0,0.6805425739815024,2,4,0.5371846414741837,0,4,0.0,2,2,0.7564707973660301,1,0.5192109563302072,2,1,0.0,2,1.0,0,0,1
240,0,0.6003077167403134,2,0,0.3013408234900663,4,4,1.0,1,0,0.44250704934976004,2,0.3037189394167412,0,1,0.0,2,0.0,0,0,2
241,3,0.12550150493665424,2,4,0.43058617273095234,0,3,0.7564707973660301,2,0,0.44250704934976004,1,0.7157383382218758,2,1,0.0,2,1.0,0,0,1
242,0,0.8513107266136218,0,1,0.6772939575011312,0,4,0.7564707973660301,2,0,1.0,3,0.16714859401602888,2,2,0.44250704934976004,2,1.0,0,0,2
243,3,0.3563982738645374,4,9,0.36147224034099623,0,2,0.7564707973660301,1,0,0.44250704934976004,0,0.2520389271633996,2,1,0.44250704934976004,2,0.0,0,0,1
244,3,0.3563982738645374,1,8,0.6098906236722397,2,2,1.0,1,0,0.7564707973660301,0,0.4402892848174531,2,1,0.0,1,1.0,0,0,1
245,3,0.6003077167403134,2,9,0.375376175310991,0,3,1.0,2,0,0.0,0,0.19652738189166818,2,1,0.0,2,0.0,1,0,1
246,3,0.3563982738645374,4,4,0.24464943973532205,0,4,1.0,2,0,1.0,0,0.7300066376602561,2,1,0.7564707973660301,2,0.0,0,0,1
247,3,0.12550150493665424,0,0,0.3651717809587127,1,2,1.0,2,0,0.0,3,0.4402892848174531,0,0,0.0,2,0.0,0,1,1
248,2,0.6003077167403134,2,3,0.47433485588464364,0,2,0.44250704934976004,2,0,0.44250704934976004,0,0.22479726790398669,2,1,0.0,2,0.0,0,0,1
249,3,0.4979449260045862,2,4,0.12746513527906367,0,0,0.7564707973660301,1,1,1.0,0,0.10469050988644657,2,0,0.0,2,0.0,0,0,2
250,0,0.12550150493665424,4,0,0.22749875577726764,3,3,0.7564707973660301,1,0,1.0,0,0.5192109563302072,2,1,0.44250704934976004,1,0.0,1,0,1
251,2,0.3563982738645374,2,3,0.5107345310681897,0,2,0.0,1,0,0.44250704934976004,2,0.6400109703637957,2,1,0.0,1,0.0,0,0,1
252,1,0.6805425739815024,2,0,0.5000534917589712,0,2,1.0,1,2,0.44250704934976004,3,0.16714859401602888,0,1,0.0,2,0.0,0,0,2
253,3,0.6003077167403134,3,3,0.6531390703513813,1,2,0.44250704934976004,2,0,0.7564707973660301,1,0.4402892848174531,2,1,0.44250704934976004,2,0.0,0,0,1
254,1,0.25853846123061575,2,3,0.4866911957465152,4,3,0.44250704934976004,2,0,0.0,2,0.16714859401602888,2,1,0.0,2,0.0,1,0,1
255,1,0.9330159884761532,3,4,0.788253752634386,4,2,0.0,2,0,0.0,0,0.2520389271633996,2,1,0.0,1,0.0,0,0,1
256,3,0.6003077167403134,4,4,0.5516706522220327,0,2,1.0,2,0,0.44250704934976004,0,0.4402892848174531,2,1,0.44250704934976004,1,0.0,0,0,1
257,0,0.3563982738645374,1,4,0.4999452499108801,0,2,1.0,0,0,0.0,3,0.3037189394167412,2,2,0.0,2,0.0,0,0,2
258,3,0.43384612818214896,2,1,0.6333128014263101,1,1,0.0,1,0,1.0,2,0.1365703454007119,2,1,0.0,2,0.0,1,0,1
259,3,0.326542971765594,4,4,0.35530699589192016,1,0,1.0,1,0,1.0,0,0.7975354953075078,2,1,0.7564707973660301,1,0.0,0,0,1
260,0,0.3563982738645374,2,3,0.439457555894448,0,2,0.44250704934976004,2,0,0.44250704934976004,0,0.2520389271633996,2,1,0.0,2,0.0,0,0,1
261,0,0.6003077167403134,2,4,0.4317500456063179,0,4,1.0,1,0,1.0,2,0.7712498834936072,2,1,0.0,2,0.0,0,0,1
262,0,0.4979449260045862,4,0,0.7100948288305411,0,4,0.44250704934976004,2,0,1.0,3,0.46081284458896565,2,2,0.7564707973660301,3,0.0,1,0,1
263,3,0.3563982738645374,4,7,0.5571539907051017,0,4,0.44250704934976004,1,0,1.0,3,0.7975354953075078,0,2,0.7564707973660301,1,0.0,0,0,1
264,3,0.29408841067471125,4,0,0.3703298914277484,0,4,0.7564707973660301,2,0,1.0,0,0.375112275481718,2,1,0.44250704934976004,1,1.0,0,1,1
265,1,0.43384612818214896,2,4,0.27069340253761265,0,4,1.0,2,0,0.7564707973660301,2,0.48078904366979236,2,1,0.0,2,1.0,0,0,2
266,3,0.7465363402620467,4,9,0.7503811037512604,4,4,1.0,2,0,1.0,0,0.46081284458896565,2,1,0.44250704934976004,2,0.0,0,0,1
267,3,0.6003077167403134,2,4,0.42136324519870727,0,1,1.0,1,0,0.7564707973660301,2,0.5002463213084094,1,1,0.0,2,0.0,1,0,1
268,0,0.4097737660446762,2,0,0.8326773470331479,0,4,0.0,0,0,1.0,1,0.6239014662166538,2,1,0.0,3,0.0,1,1,2
269,3,0.6003077167403134,2,4,0.3217641694366913,4,4,1.0,2,0,0.44250704934976004,2,0.19652738189166818,2,1,0.44250704934976004,2,0.0,0,0,1
270,3,0.4979449260045862,2,0,0.5497555217546446,4,3,1.0,2,0,0.7564707973660301,1,0.375112275481718,2,1,0.0,2,0.0,0,1,1
271,3,0.3563982738645374,4,3,0.400584456122242,2,3,0.7564707973660301,1,0,1.0,2,0.48078904366979236,2,0,0.0,2,0.0,1,0,1
272,1,0.8513107266136218,1,0,0.9034605468852641,4,0,1.0,2,1,1.0,3,0.46081284458896565,2,2,0.0,3,0.0,1,0,1
273,1,0.8513107266136218,2,4,0.5821782414198715,0,3,1.0,2,0,1.0,0,0.2783245389773006,2,1,0.44250704934976004,2,0.0,0,0,2
274,0,0.6805425739815024,2,6,0.900166655238182,0,1,0.0,0,0,0.0,3,0.4191875211794285,2,1,0.0,1,0.0,1,0,2
275,3,0.25853846123061575,2,4,0.5527949580197635,0,2,0.0,2,0,0.44250704934976004,0,0.375112275481718,2,1,0.0,2,1.0,0,0,1
276,3,0.4979449260045862,4,4,0.5260350497768549,0,2,0.44250704934976004,1,0,0.44250704934976004,2,0.22479726790398669,2,1,0.44250704934976004,2,0.0,0,0,1
277,0,0.3563982738645374,2,3,0.3761145552802505,4,4,0.44250704934976004,0,0,1.0,1,0.6863595503462365,2,1,0.0,1,0.0,1,0,1
278,3,0.12550150493665424,2,3,0.6775969830463668,0,1,0.0,1,0,1.0,1,0.375112275481718,2,1,0.0,2,0.0,0,0,2
279,3,0.6003077167403134,2,4,0.47141602027157514,1,2,1.0,2,0,1.0,2,0.3037189394167412,2,0,0.0,3,0.0,1,0,1
280,3,0.43384612818214896,4,1,0.6044952954072063,3,4,0.7564707973660301,2,0,1.0,3,0.1365703454007119,2,0,0.44250704934976004,2,0.0,1,0,1
281,3,0.3563982738645374,2,3,0.4275030271257134,0,2,1.0,2,0,0.44250704934976004,0,0.7011929671798653,2,1,0.0,2,0.0,0,0,1
282,2,0.4979449260045862,1,4,0.4076115154516473,4,3,1.0,2,0,1.0,2,0.6863595503462365,0,1,0.0,1,0.0,0,0,1
283,3,0.43384612818214896,4,3,0.4193821771549213,4,4,1.0,2,0,1.0,1,0.8712733186443855,2,1,0.0,2,0.0,0,0,1
284,1,0.6003077167403134,4,0,0.6373074626293458,1,1,1.0,0,0,0.44250704934976004,2,0.48078904366979236,2,1,0.0,2,0.0,1,0,1
285,0,0.843619894226825,2,0,0.8739953182569167,0,1,0.0,1,0,0.0,0,0.4402892848174531,2,1,0.0,1,0.0,1,0,1
286,0,0.8513107266136218,2,1,0.6863632596924054,0,3,1.0,2,0,0.7564707973660301,1,0.22479726790398669,2,1,0.0,2,1.0,0,0,1
287,1,0.8513107266136218,3,2,0.7933432702454115,1,0,0.44250704934976004,2,0,1.0,3,0.3520623623141783,2,2,0.0,3,0.0,1,0,1
288,1,0.3563982738645374,2,4,0.34246388687020723,0,2,1.0,1,2,1.0,0,0.6863595503462365,2,1,0.44250704934976004,2,0.0,1,0,1
289,0,0.6003077167403134,3,4,0.3275119698652307,0,1,1.0,3,0,1.0,0,0.6712264483428281,1,1,0.0,2,0.0,0,0,2
290,3,0.3563982738645374,2,9,0.3390312113527425,0,2,0.44250704934976004,3,0,0.44250704934976004,0,0.22479726790398669,2,1,0.0,2,0.0,1,1,1
291,1,0.7465363402620467,2,1,0.8433185640744063,0,1,0.0,3,0,1.0,2,0.2783245389773006,2,0,0.0,3,0.0,1,0,2
292,0,0.6003077167403134,4,1,0.7545885299471773,0,4,0.44250704934976004,1,0,1.0,3,0.607437878833482,2,2,0.44250704934976004,3,1.0,1,0,1
293,2,0.8025904231702906,4,1,0.6867517831961243,0,4,1.0,2,0,1.0,3,0.7845079830865336,2,2,0.0,2,0.0,0,0,1
294,3,0.8513107266136218,4,9,0.7947815686801634,4,4,1.0,0,0,0.44250704934976004,2,0.6400109703637957,0,1,0.44250704934976004,3,1.0,0,0,1
295,1,0.8513107266136218,2,3,0.8568367255797882,0,1,0.0,1,0,0.44250704934976004,2,0.22479726790398669,2,1,0.0,2,0.0,1,0,2
296,3,0.3563982738645374,2,1,0.6808049454830123,4,1,0.0,1,0,1.0,2,0.03654691024993317,2,0,0.0,2,0.0,0,0,1
297,3,0.29408841067471125,2,0,0.3806771100146389,4,4,1.0,2,1,0.44250704934976004,1,0.6239014662166538,2,1,0.0,1,0.0,0,1,1
298,3,0.4979449260045862,2,3,0.536537918045322,0,2,0.7564707973660301,2,0,1.0,0,0.5906042923951844,2,1,0.0,2,0.0,1,0,1
299,1,0.5526268719053268,4,3,0.5568998242484113,3,3,0.7564707973660301,2,0,0.44250704934976004,2,0.375112275481718,2,1,0.44250704934976004,2,0.0,1,0,1
300,3,0.12550150493665424,2,0,0.22958331379912345,0,0,0.0,1,0,1.0,0,0.7577528864112137,2,1,0.0,0,0.0,1,0,1
301,1,0.7465363402620467,0,4,0.6328239084345677,0,2,1.0,1,0,0.0,2,0.5733836932529157,2,1,0.0,2,0.0,1,0,2
302,2,0.6003077167403134,4,0,0.39075701614386604,4,3,1.0,2,0,0.44250704934976004,0,0.48078904366979236,0,1,0.44250704934976004,1,1.0,0,0,2
303,0,0.29408841067471125,4,0,0.33066980633911136,0,3,1.0,2,1,0.7564707973660301,1,0.6863595503462365,2,1,0.44250704934976004,2,0.0,1,0,1
304,3,0.8513107266136218,4,0,0.8607069200691098,2,2,0.44250704934976004,2,0,0.44250704934976004,3,0.607437878833482,0,2,0.0,2,0.0,0,0,2
305,3,0.12550150493665424,2,3,0.4228757527303242,3,2,1.0,0,0,0.44250704934976004,0,0.3974740277631241,2,1,0.0,2,0.0,0,0,1
306,3,0.6805425739815024,2,1,0.6874785215014723,4,3,0.44250704934976004,1,0,1.0,1,0.16714859401602888,1,0,0.0,1,0.0,0,0,1
307,0,0.3563982738645374,2,4,0.247869049709192,1,1,1.0,3,0,0.7564707973660301,3,0.3974740277631241,2,1,0.0,1,0.0,1,0,2
308,1,0.21923981534903902,2,3,0.37146077991993764,0,2,0.7564707973660301,1,0,1.0,0,0.16714859401602888,2,1,0.0,2,0.0,0,0,2
309,1,0.25853846123061575,2,0,0.022943277414947616,0,2,1.0,3,0,1.0,0,0.10469050988644657,2,0,0.0,1,0.0,0,0,1
310,1,0.8513107266136218,2,2,0.7135369417381023,4,0,0.7564707973660301,2,0,1.0,3,0.5377072805697165,0,2,0.0,0,0.0,1,0,1
311,3,0.6003077167403134,2,3,0.7190926730061156,1,2,1.0,2,0,0.0,2,0.19652738189166818,1,1,0.0,2,0.0,0,0,1
312,2,0.6003077167403134,2,3,0.6294346824563313,0,1,0.44250704934976004,1,0,1.0,2,0.22479726790398669,2,1,0.0,2,0.0,0,0,1
313,1,0.3563982738645374,2,0,0.23403681707697022,0,3,0.44250704934976004,3,0,0.7564707973660301,2,0.19652738189166818,0,1,0.0,1,0.0,0,0,2
314,2,0.0,2,0,0.4153687313500132,4,1,0.0,2,0,0.44250704934976004,0,0.3037189394167412,2,1,0.0,1,1.0,0,1,1
315,0,0.7465363402620467,1,3,0.5569845772404729,0,4,1.0,2,0,1.0,2,0.3520623623141783,0,1,0.0,2,0.0,0,0,2
316,0,0.3563982738645374,2,3,0.2417132174658363,0,2,0.44250704934976004,2,2,0.7564707973660301,1,0.5002463213084094,2,1,0.0,1,1.0,0,0,1
317,1,0.6003077167403134,2,3,0.6640900120789459,4,2,0.0,1,0,1.0,1,0.6712264483428281,2,1,0.0,1,0.0,1,0,1
318,3,0.3563982738645374,4,7,0.23940360442731712,0,2,1.0,2,0,0.44250704934976004,2,0.375112275481718,2,1,0.44250704934976004,2,0.0,0,0,1
319,0,0.43384612818214896,3,3,0.6227601506483706,0,4,0.0,1,0,1.0,1,0.2520389271633996,2,1,0.44250704934976004,1,0.0,0,0,1
320,1,0.6805425739815024,4,0,0.6585694191746687,0,0,1.0,3,0,0.44250704934976004,2,0.2783245389773006,2,1,0.44250704934976004,3,0.0,0,0,2
321,0,0.6003077167403134,2,4,0.4759007418268173,0,1,1.0,0,0,0.7564707973660301,1,0.375112275481718,2,1,0.0,2,0.0,0,0,2
322,0,0.6003077167403134,2,1,0.5704825083788923,0,3,0.44250704934976004,2,0,0.0,3,0.4191875211794285,2,2,0.0,3,0.0,1,0,1
323,0,0.4979449260045862,2,3,0.5494931425157519,3,2,1.0,2,0,0.44250704934976004,2,0.2783245389773006,2,1,0.0,2,0.0,0,0,1
324,3,0.4979449260045862,4,0,0.32841858869439045,0,2,1.0,1,0,0.7564707973660301,0,0.46081284458896565,2,1,0.44250704934976004,2,0.0,0,0,1
325,0,0.21923981534903902,4,0,0.606558909012441,0,3,0.0,2,0,1.0,0,0.5192109563302072,2,1,0.44250704934976004,1,0.0,0,1,1
326,3,0.3563982738645374,4,3,0.731028199856123,4,4,0.44250704934976004,2,0,1.0,1,0.6863595503462365,2,0,0.0,2,0.0,1,0,1
327,3,0.6003077167403134,2,0,0.4201461230002095,3,3,1.0,1,0,0.7564707973660301,2,0.4191875211794285,2,1,0.0,2,1.0,1,0,1
328,2,0.7465363402620467,2,4,0.670525599637608,0,4,1.0,2,0,0.44250704934976004,2,0.3520623623141783,2,1,0.0,2,0.0,0,0,1
329,1,0.12550150493665424,2,4,0.3372957021753322,0,4,1.0,2,0,1.0,2,0.2783245389773006,2,1,0.0,2,1.0,0,0,1
330,0,0.6003077167403134,4,1,0.7615887079202039,0,0,0.44250704934976004,2,0,1.0,3,1.0,2,2,0.44250704934976004,3,0.0,1,0,1
331,3,0.4979449260045862,4,7,0.4668431939815758,1,2,1.0,1,0,0.44250704934976004,0,0.32828058482669586,2,1,0.44250704934976004,2,0.0,0,0,2
332,1,0.9330159884761532,2,0,0.7879397869944951,1,1,1.0,1,0,0.44250704934976004,1,0.16714859401602888,2,1,0.0,3,0.0,0,0,2
333,3,0.8513107266136218,4,1,0.8921139803581748,1,2,0.44250704934976004,1,0,1.0,2,0.16714859401602888,0,0,0.44250704934976004,1,0.0,0,0,2
334,0,0.6003077167403134,0,3,0.6508290580025211,0,4,0.7564707973660301,2,0,1.0,3,0.1365703454007119,0,0,0.44250704934976004,2,1.0,0,0,2
335,0,0.12550150493665424,4,3,0.6055981655313147,0,2,0.0,0,0,1.0,0,0.607437878833482,2,0,0.0,3,0.0,1,0,2
336,1,0.38403996616726976,2,4,0.49468954389616826,0,1,0.44250704934976004,1,2,1.0,1,0.1365703454007119,2,1,0.0,1,0.0,0,0,1
337,0,0.43384612818214896,2,5,0.37849824146811173,4,2,1.0,1,0,0.44250704934976004,2,0.16714859401602888,2,0,0.0,2,0.0,0,0,2
338,0,0.6003077167403134,2,3,0.6541460254478051,0,2,1.0,2,0,1.0,1,0.2783245389773006,2,1,0.0,2,0.0,0,0,1
339,1,0.29408841067471125,2,3,0.41953516703234794,0,2,1.0,0,0,0.44250704934976004,2,0.3520623623141783,2,1,0.0,1,0.0,0,0,1
340,1,0.6003077167403134,4,7,0.7286895525685244,0,1,0.44250704934976004,1,0,1.0,3,0.16714859401602888,2,2,0.44250704934976004,2,0.0,1,0,1
341,0,0.5526268719053268,2,3,0.6199323798247802,0,3,0.0,1,0,1.0,2,0.22479726790398669,2,0,0.0,1,0.0,0,0,1
342,1,0.4979449260045862,2,4,0.593531706267461,2,1,0.0,3,0,0.7564707973660301,0,0.19652738189166818,2,0,0.0,2,0.0,0,0,1
343,1,0.4979449260045862,2,9,0.6687498856047189,0,4,0.0,2,1,0.0,0,0.3974740277631241,0,1,0.0,3,0.0,1,0,1
344,2,0.29408841067471125,2,0,0.6415295634090739,0,1,0.0,2,2,0.0,1,0.48078904366979236,2,1,0.0,1,1.0,0,0,1
345,3,0.43384612818214896,4,4,0.4098543664317198,0,2,1.0,1,0,0.44250704934976004,2,0.5906042923951844,2,1,0.0,1,0.0,0,0,1
346,1,0.38403996616726976,4,4,0.29280007115799567,0,1,1.0,2,2,1.0,0,0.1365703454007119,2,1,0.44250704934976004,2,0.0,0,0,1
347,1,0.6003077167403134,2,4,0.6299926709539483,2,0,0.0,1,0,1.0,3,0.1365703454007119,2,0,0.0,0,0.0,0,0,1
348,3,0.12550150493665424,3,9,0.4512287714215424,1,2,0.0,2,0,0.44250704934976004,0,0.4191875211794285,2,1,0.44250704934976004,1,0.0,0,0,1
349,1,0.25853846123061575,4,7,0.3516507831826632,3,4,1.0,2,0,0.7564707973660301,3,0.375112275481718,2,2,0.44250704934976004,2,1.0,0,0,2
350,3,0.25853846123061575,2,5,0.3712726796348531,0,1,0.0,1,0,1.0,0,0.1365703454007119,2,0,0.0,2,0.0,1,0,1
351,1,0.25853846123061575,2,3,0.31226186680514023,0,2,0.0,1,0,0.44250704934976004,2,0.3037189394167412,2,1,0.0,2,0.0,0,1,2
352,3,0.4979449260045862,4,1,0.5946876321195935,4,0,0.44250704934976004,2,0,1.0,3,0.5002463213084094,2,1,0.0,3,0.0,1,0,1
353,0,0.3563982738645374,0,4,0.74647197078257,0,2,1.0,2,0,0.44250704934976004,1,0.2783245389773006,2,0,0.44250704934976004,2,0.0,1,0,2
354,3,0.29408841067471125,2,7,0.247869049709192,2,4,1.0,2,0,1.0,3,0.6400109703637957,2,2,0.0,2,0.0,1,0,1
355,1,0.6003077167403134,2,0,0.3731468772809392,0,1,1.0,2,0,0.44250704934976004,0,0.1365703454007119,1,1,0.0,1,0.0,0,0,2
356,3,0.3563982738645374,4,4,0.5188601061692037,4,4,0.0,2,1,1.0,0,0.6863595503462365,2,1,0.0,2,0.0,1,0,1
357,3,0.7465363402620467,3,4,0.6700047354907055,0,2,1.0,2,0,0.44250704934976004,2,0.22479726790398669,2,1,0.44250704934976004,3,0.0,1,0,2
358,3,0.3563982738645374,2,4,0.26303179150343214,0,2,1.0,3,0,0.44250704934976004,0,0.2783245389773006,2,1,0.0,2,0.0,0,0,1
359,0,0.6805425739815024,2,3,0.526228544459755,0,3,1.0,1,0,1.0,0,0.1365703454007119,2,0,0.0,2,0.0,0,0,2
360,1,0.4979449260045862,2,7,0.37183652510261633,4,2,1.0,2,0,1.0,3,0.8474915411569031,2,2,0.0,2,0.0,0,0,1
361,2,0.3563982738645374,2,4,0.6066273820501829,4,4,0.44250704934976004,2,0,0.7564707973660301,2,0.48078904366979236,2,1,0.0,3,0.0,0,0,1
362,2,0.3563982738645374,3,0,0.5103207103545326,0,2,0.44250704934976004,1,0,0.44250704934976004,2,0.46081284458896565,1,1,0.44250704934976004,2,0.0,1,0,1
363,3,0.12550150493665424,2,3,0.454278546789447,0,2,0.0,3,0,0.44250704934976004,1,0.07139333606497722,2,0,0.0,2,0.0,0,0,1
364,0,0.4979449260045862,2,3,0.5326193839125875,0,0,1.0,2,0,0.0,2,0.19652738189166818,2,1,0.0,0,0.0,0,0,2
365,3,0.3563982738645374,2,9,0.42272494346678835,0,3,0.44250704934976004,2,0,1.0,2,0.46081284458896565,2,1,0.0,2,0.0,1,0,1
366,3,0.4979449260045862,4,1,0.6356211229063913,0,3,0.7564707973660301,2,0,0.0,2,0.2520389271633996,2,1,0.44250704934976004,2,0.0,0,0,1
367,0,0.4979449260045862,2,3,0.6232068728227305,0,1,0.0,1,0,1.0,2,0.10469050988644657,2,0,0.0,2,0.0,0,0,1
368,0,0.7465363402620467,2,3,0.6098231039937021,0,4,1.0,2,0,0.44250704934976004,2,0.5733836932529157,2,1,0.0,2,1.0,0,0,2
369,1,0.4979449260045862,2,3,0.5776477763539991,0,3,0.44250704934976004,1,0,1.0,0,0.5377072805697165,2,0,0.0,2,0.0,0,0,1
370,3,0.7465363402620467,2,0,0.5836186328299684,4,2,1.0,2,0,1.0,0,0.46081284458896565,2,1,0.0,2,0.0,0,0,1
371,3,0.4979449260045862,4,4,0.7415776730282939,0,4,0.7564707973660301,2,0,1.0,2,0.3974740277631241,2,1,0.44250704934976004,2,0.0,1,0,1
372,3,0.29408841067471125,4,3,0.4996202220384869,0,1,0.0,1,0,0.7564707973660301,0,0.1365703454007119,2,0,0.44250704934976004,2,0.0,0,0,1
373,3,0.9330159884761532,4,0,0.9319925699214364,4,4,0.44250704934976004,2,0,1.0,3,0.8712733186443855,0,2,0.0,3,0.0,1,0,1
374,1,0.9330159884761532,1,2,0.9487360303451613,1,4,0.7564707973660301,1,0,1.0,3,0.8353113854424357,0,2,0.44250704934976004,3,0.0,1,0,2
375,0,0.8513107266136218,1,9,0.7964837633962154,0,3,0.44250704934976004,1,2,1.0,2,0.48078904366979236,2,0,0.0,2,0.0,0,0,2
376,3,0.4979449260045862,3,4,0.5177595174043337,0,0,0.44250704934976004,3,0,0.7564707973660301,0,0.4191875211794285,2,1,0.44250704934976004,2,0.0,0,0,1
377,3,0.17530766695153333,3,4,0.28311096465812713,4,4,0.7564707973660301,2,0,1.0,3,0.46081284458896565,2,2,0.0,2,0.0,0,0,1
378,1,0.7465363402620467,2,0,0.941312737696328,0,4,1.0,2,0,0.44250704934976004,3,0.7975354953075078,2,2,0.0,3,0.0,1,0,2
379,3,0.12550150493665424,4,0,0.0858819761414118,1,2,1.0,1,0,1.0,2,0.7300066376602561,2,1,0.44250704934976004,1,0.0,0,0,1
380,0,0.5352752709813305,2,3,0.5066680493688662,4,3,1.0,2,0,1.0,2,0.5192109563302072,2,1,0.0,2,0.0,1,0,1
381,1,0.4979449260045862,2,1,0.9184057265122711,0,0,0.7564707973660301,1,0,1.0,3,0.5002463213084094,2,2,0.0,3,0.0,1,0,2
382,3,0.5692070306600202,2,0,0.3799530842672234,4,3,1.0,1,0,1.0,1,0.19652738189166818,2,0,0.0,2,0.0,0,0,1
383,2,0.3563982738645374,2,0,0.38832139058757287,0,1,1.0,2,0,0.0,0,0.22479726790398669,2,1,0.0,2,0.0,0,0,1
384,3,0.6805425739815024,3,9,0.6598257413778845,1,2,0.44250704934976004,2,0,0.44250704934976004,1,0.22479726790398669,2,1,0.44250704934976004,1,0.0,0,0,1
385,3,0.4979449260045862,4,4,0.5093869151146697,0,2,0.44250704934976004,1,0,0.0,2,0.19652738189166818,2,1,0.44250704934976004,2,0.0,0,0,1
386,3,0.4979449260045862,2,4,0.349594461593306,4,1,1.0,1,0,0.44250704934976004,0,0.07139333606497722,2,0,0.0,2,0.0,1,0,1
387,1,0.4979449260045862,4,3,0.7868691250603423,0,0,1.0,2,0,1.0,1,0.5377072805697165,1,1,0.44250704934976004,3,0.0,1,0,1
388,1,0.43384612818214896,4,9,0.5183604835474172,2,2,0.44250704934976004,2,0,1.0,2,0.2520389271633996,0,1,0.0,2,0.0,0,0,1
389,3,0.25853846123061575,2,9,0.4082545382089702,0,3,0.7564707973660301,1,0,0.44250704934976004,2,0.2520389271633996,2,1,0.44250704934976004,2,0.0,0,0,1
390,3,0.4979449260045862,2,0,0.4612856538392218,0,2,0.44250704934976004,3,0,0.44250704934976004,1,0.32828058482669586,2,1,0.0,3,0.0,1,0,1
391,1,0.3563982738645374,2,3,0.3180096672336796,3,1,0.0,1,0,1.0,0,0.0,2,0,0.0,1,0.0,0,0,1
392,0,0.7465363402620467,2,0,0.5961245137817155,0,3,0.44250704934976004,2,0,1.0,3,0.5192109563302072,0,2,0.0,3,1.0,1,0,1
393,0,0.12550150493665424,4,4,0.4781705610502487,0,3,0.0,1,0,1.0,2,0.3520623623141783,2,1,0.0,2,0.0,0,0,1
394,3,0.25853846123061575,4,3,0.526228544459755,0,0,0.44250704934976004,2,0,0.7564707973660301,2,0.3520623623141783,2,1,0.0,3,0.0,0,0,1
395,1,0.7756153836918468,3,7,0.8955031799470365,1,3,0.44250704934976004,2,0,0.7564707973660301,3,0.375112275481718,2,0,0.0,2,0.0,1,0,1
396,0,0.3563982738645374,2,3,0.5422947443987594,0,0,0.7564707973660301,1,0,1.0,3,0.7712498834936072,2,2,0.0,3,0.0,0,0,1
397,0,0.7465363402620467,4,3,0.5205508461519457,0,2,0.7564707973660301,3,0,0.44250704934976004,1,0.6400109703637957,2,1,0.44250704934976004,2,0.0,1,0,1
398,1,0.3563982738645374,2,0,0.368813442480584,0,4,0.0,0,0,0.0,0,0.6400109703637957,2,0,0.44250704934976004,2,0.0,0,0,2
399,3,0.6003077167403134,4,4,0.41876921013810375,3,2,1.0,1,0,0.0,0,0.5906042923951844,2,1,0.44250704934976004,1,0.0,0,0,1
400,3,0.4979449260045862,2,4,0.41207581291782636,0,1,0.7564707973660301,3,0,1.0,0,0.5192109563302072,2,1,0.0,2,0.0,1,0,1
401,1,0.4979449260045862,4,9,0.4696963094091511,4,2,1.0,3,0,1.0,0,0.2783245389773006,0,1,0.44250704934976004,2,0.0,0,0,1
402,3,0.6003077167403134,3,9,0.8239611654056018,0,1,0.44250704934976004,2,0,0.44250704934976004,2,0.2520389271633996,0,1,0.44250704934976004,2,0.0,1,0,2
403,3,0.4097737660446762,3,0,0.27069340253761265,0,2,1.0,2,0,0.44250704934976004,2,0.2520389271633996,2,1,0.44250704934976004,1,0.0,0,0,1
404,1,0.4979449260045862,3,0,0.5696012424867043,4,4,1.0,2,0,1.0,2,0.5906042923951844,2,1,0.0,2,1.0,0,0,1
405,1,0.6003077167403134,2,4,0.4877204122653833,0,1,0.0,3,0,0.0,1,0.10469050988644657,2,1,0.0,2,0.0,1,0,2
406,3,0.6003077167403134,4,1,0.5050849050428718,4,3,1.0,2,0,1.0,2,0.5906042923951844,2,1,0.44250704934976004,2,1.0,1,0,1
407,0,0.43384612818214896,2,4,0.33400632916063966,0,1,1.0,3,0,0.44250704934976004,0,0.2520389271633996,2,1,0.0,2,0.0,0,1,1
408,3,0.6003077167403134,2,4,0.5951196286991216,2,4,0.7564707973660301,0,0,0.44250704934976004,2,0.22479726790398669,2,1,0.0,3,0.0,1,0,1
409,2,0.3563982738645374,4,0,0.30736117863508006,2,3,1.0,3,0,0.44250704934976004,0,0.2783245389773006,2,1,0.7564707973660301,2,0.0,1,0,2
410,1,0.6003077167403134,2,4,0.47935637151141397,0,4,1.0,1,0,1.0,2,0.03654691024993317,2,1,0.0,2,0.0,1,0,1
411,3,0.714997097804485,4,1,0.7830183755579956,0,3,0.7564707973660301,2,0,0.44250704934976004,2,0.4402892848174531,2,1,0.44250704934976004,3,0.0,1,0,1
412,3,0.3563982738645374,4,9,0.5149343095443122,0,0,1.0,2,0,0.44250704934976004,2,0.5733836932529157,1,1,0.44250704934976004,3,0.0,1,0,2
413,3,0.29408841067471125,2,0,0.4308776869708375,2,2,0.7564707973660301,2,0,0.44250704934976004,3,0.5377072805697165,2,0,0.0,1,1.0,0,1,1
414,0,0.6003077167403134,2,0,0.39707397243064224,4,2,1.0,1,0,0.44250704934976004,1,0.4402892848174531,2,1,0.0,2,0.0,0,0,2
415,3,0.7465363402620467,4,1,0.7326673200159863,0,4,0.44250704934976004,2,0,0.44250704934976004,1,0.4402892848174531,2,1,0.44250704934976004,2,1.0,1,0,1
416,0,0.3563982738645374,2,0,0.5423849844038149,0,1,1.0,2,0,0.0,0,0.3974740277631241,2,1,0.0,1,1.0,0,0,2
417,0,0.4979449260045862,3,7,0.8191480724935642,4,2,0.0,1,0,0.44250704934976004,2,0.1365703454007119,2,0,0.44250704934976004,2,0.0,1,0,1
418,3,0.5526268719053268,2,0,0.560015313452197,2,3,0.0,1,0,0.44250704934976004,2,0.3520623623141783,0,1,0.0,3,0.0,0,0,1
419,1,0.4979449260045862,2,0,0.3315642323776329,4,2,1.0,1,0,0.44250704934976004,1,0.3974740277631241,2,1,0.0,2,0.0,0,0,2
420,3,0.43384612818214896,2,0,0.5915679700674799,3,3,0.44250704934976004,1,0,0.7564707973660301,2,0.03654691024993317,2,0,0.0,2,0.0,0,0,1
421,1,0.3563982738645374,2,1,0.4864618616490235,4,2,1.0,2,0,0.44250704934976004,2,0.32828058482669586,2,1,0.0,2,0.0,0,0,1
422,1,0.3563982738645374,4,0,0.31201926741879826,0,3,0.44250704934976004,2,0,0.7564707973660301,0,0.6557813017309195,2,1,0.44250704934976004,1,1.0,0,0,1
423,3,0.5526268719053268,3,3,0.43000204672774944,1,3,1.0,2,0,0.7564707973660301,0,0.4191875211794285,2,1,0.44250704934976004,3,0.0,0,0,1
424,1,0.3563982738645374,2,3,0.5583364450844701,4,4,0.0,1,0,0.44250704934976004,1,0.19652738189166818,0,1,0.0,2,0.0,1,0,2
425,1,0.4979449260045862,2,1,0.5597642538303846,0,2,0.0,3,0,0.7564707973660301,2,0.07139333606497722,2,0,0.0,2,0.0,1,0,1
426,3,0.6556672144275438,4,4,0.5567302256324387,0,4,1.0,2,0,0.44250704934976004,2,0.3037189394167412,2,1,0.44250704934976004,2,0.0,0,0,1
427,3,0.4979449260045862,4,4,0.35429712840720873,3,2,1.0,2,0,0.7564707973660301,0,0.6400109703637957,2,1,0.44250704934976004,2,0.0,0,0,1
428,3,0.25853846123061575,2,3,0.38532916826434027,0,4,0.0,2,0,1.0,2,0.03654691024993317,2,1,0.0,2,0.0,0,0,1
429,0,0.4979449260045862,4,6,0.3624515185633055,0,0,0.44250704934976004,1,0,1.0,3,0.7712498834936072,2,2,0.7564707973660301,0,1.0,0,0,2
430,3,0.06800451053497836,2,9,0.6099581237713425,0,3,0.0,2,0,1.0,0,0.9900784897629773,2,1,0.0,1,0.0,0,0,1
431,1,0.6003077167403134,2,2,0.8867920372353284,0,2,0.44250704934976004,2,1,0.7564707973660301,2,0.3037189394167412,0,1,0.44250704934976004,3,0.0,1,0,2
432,0,0.12550150493665424,4,3,0.46783955329896076,0,0,1.0,2,0,1.0,3,0.46081284458896565,2,2,0.7564707973660301,3,0.0,1,0,1
433,3,0.6003077167403134,4,6,0.4898783724448974,0,2,1.0,0,0,0.44250704934976004,0,0.3974740277631241,2,1,0.44250704934976004,2,0.0,1,0,1
434,0,0.25853846123061575,2,3,0.49853350629195714,0,2,0.7564707973660301,2,0,0.44250704934976004,0,0.19652738189166818,2,1,0.0,2,0.0,0,0,1
435,1,0.3563982738645374,2,4,0.4138064832703594,4,2,0.44250704934976004,3,0,0.0,0,0.19652738189166818,2,1,0.0,2,0.0,1,0,2
436,3,0.12550150493665424,2,6,0.2253953611325501,2,3,0.44250704934976004,3,0,1.0,0,0.1365703454007119,2,0,0.0,1,0.0,0,0,1
437,3,0.6003077167403134,4,0,0.3806771100146389,3,4,1.0,1,0,1.0,0,0.48078904366979236,2,1,0.44250704934976004,2,0.0,1,0,1
438,0,0.8025904231702906,4,6,0.606284815262637,0,0,1.0,2,1,1.0,2,0.8943232318119252,2,1,0.44250704934976004,0,0.0,0,0,1
439,2,0.3563982738645374,1,9,0.20670479287399068,0,1,1.0,1,0,0.0,0,0.22479726790398669,2,1,0.0,0,0.0,0,0,2
440,3,0.3563982738645374,2,0,0.46932614115177484,0,4,1.0,2,0,1.0,2,0.5192109563302072,2,1,0.0,3,0.0,1,0,1
441,0,0.3563982738645374,2,3,0.43420412075980397,0,2,0.44250704934976004,1,1,0.7564707973660301,1,0.32828058482669586,2,1,0.0,2,0.0,0,0,1
442,1,0.5352752709813305,3,2,0.5468529543993219,0,2,0.44250704934976004,2,0,0.7564707973660301,2,0.3037189394167412,0,1,0.44250704934976004,2,0.0,1,0,1
443,3,0.3563982738645374,2,7,0.24529693414482634,0,4,1.0,2,0,1.0,2,0.5557578665801408,0,1,0.0,1,1.0,0,0,2
444,1,0.8513107266136218,4,3,0.7008721874441015,0,2,0.44250704934976004,1,0,0.7564707973660301,2,0.32828058482669586,2,1,0.0,3,0.0,1,0,2
445,3,0.25853846123061575,4,7,0.3727732430271622,4,4,1.0,1,0,1.0,1,0.5557578665801408,2,0,0.44250704934976004,1,0.0,0,0,1
446,0,0.7465363402620467,2,0,0.46408100947564623,0,1,1.0,1,0,1.0,2,0.4191875211794285,2,1,0.0,2,0.0,1,0,2
447,1,0.17530766695153333,2,4,0.5421141593702101,0,2,0.44250704934976004,2,2,0.44250704934976004,0,0.4402892848174531,2,1,0.0,2,0.0,0,0,1
448,2,0.3563982738645374,2,3,0.4042061911235222,4,4,0.7564707973660301,1,0,1.0,0,0.7712498834936072,2,1,0.0,3,0.0,1,0,1
449,1,0.43384612818214896,3,6,0.4181546247246448,3,2,0.7564707973660301,3,0,0.7564707973660301,1,0.8474915411569031,1,1,0.44250704934976004,2,0.0,0,0,2
450,3,0.7465363402620467,4,1,0.8810930302152005,4,2,1.0,2,0,0.44250704934976004,2,0.32828058482669586,2,1,0.0,3,0.0,1,0,1
451,3,0.12550150493665424,2,4,0.16909895751817872,0,2,0.7564707973660301,1,0,0.0,0,0.3037189394167412,2,1,0.0,2,0.0,0,0,1
452,3,0.3563982738645374,0,3,0.5580835671778774,0,4,0.44250704934976004,2,0,1.0,1,0.4191875211794285,2,1,0.44250704934976004,2,0.0,0,0,1
453,3,0.6003077167403134,2,1,0.5504537572691925,0,4,1.0,2,0,1.0,2,0.4402892848174531,2,1,0.0,3,0.0,1,0,1
454,0,0.6003077167403134,2,0,0.6877685827105011,0,3,0.44250704934976004,2,1,0.7564707973660301,1,0.3520623623141783,2,1,0.0,2,0.0,1,0,2
455,3,0.6003077167403134,2,1,0.5512367768119335,0,1,1.0,1,0,0.0,3,0.3037189394167412,2,1,0.0,3,0.0,1,0,1
456,0,0.326542971765594,4,0,0.6389220870693726,0,2,0.44250704934976004,2,0,0.44250704934976004,0,0.46081284458896565,2,0,0.44250704934976004,2,1.0,0,0,1
457,0,0.3563982738645374,2,1,0.6057356576145356,0,4,0.7564707973660301,2,0,1.0,3,0.4402892848174531,2,2,0.0,2,0.0,1,0,2
458,0,0.12550150493665424,2,5,0.07336776710644055,0,1,1.0,1,0,0.0,0,0.2520389271633996,2,1,0.0,2,0.0,0,0,1
459,3,0.4979449260045862,2,4,0.6767373840392747,0,1,0.7564707973660301,2,0,0.44250704934976004,2,0.375112275481718,2,1,0.0,2,0.0,1,0,1
460,0,0.7465363402620467,2,3,0.6212862836257964,0,2,0.0,2,2,0.44250704934976004,1,0.48078904366979236,2,1,0.0,2,1.0,0,0,1
461,0,0.43384612818214896,2,0,0.44827372309008107,0,1,0.44250704934976004,2,0,0.7564707973660301,0,0.46081284458896565,2,1,0.0,2,0.0,0,0,1
462,1,0.3563982738645374,2,3,0.578885116623651,0,1,0.7564707973660301,1,0,0.0,0,0.4191875211794285,2,0,0.0,3,0.0,0,0,1
463,1,0.3563982738645374,2,8,0.2563459141620139,4,4,1.0,2,0,1.0,1,0.5002463213084094,2,1,0.44250704934976004,2,0.0,0,0,1
464,3,0.4979449260045862,2,9,0.47733688472761293,0,3,1.0,2,0,0.0,2,0.4191875211794285,1,1,0.44250704934976004,2,0.0,1,0,1
465,0,0.6003077167403134,2,1,0.5715993156143366,0,2,0.7564707973660301,2,2,1.0,3,0.8712733186443855,0,1,0.0,2,1.0,1,0,1
466,0,0.6003077167403134,3,4,0.4397381756874761,0,1,1.0,1,0,0.44250704934976004,2,0.3037189394167412,2,0,0.0,1,0.0,1,0,2
467,3,0.8513107266136218,3,4,0.7825365412105718,4,4,0.7564707973660301,2,0,0.7564707973660301,2,0.375112275481718,0,1,0.44250704934976004,2,1.0,0,0,1
468,3,0.714997097804485,3,9,0.5585048778632555,0,2,0.44250704934976004,1,0,0.44250704934976004,2,0.22479726790398669,2,1,0.44250704934976004,2,0.0,1,0,1
469,3,0.6003077167403134,3,1,0.6810039827675849,0,3,0.7564707973660301,2,0,0.7564707973660301,2,0.4402892848174531,2,1,0.44250704934976004,1,0.0,1,0,1
470,1,0.6003077167403134,2,4,0.5845990532560743,1,1,0.7564707973660301,3,0,0.44250704934976004,2,0.10469050988644657,2,0,0.0,2,0.0,1,0,2
471,0,0.12550150493665424,2,7,0.1353744156319998,0,1,1.0,1,0,1.0,1,0.1365703454007119,2,1,0.0,2,0.0,0,0,2
472,0,0.25853846123061575,2,0,0.2232727863328572,0,2,1.0,2,0,0.7564707973660301,2,0.2783245389773006,2,1,0.0,1,0.0,0,0,2
473,3,0.12550150493665424,2,8,0.3716487283275045,4,0,1.0,2,0,1.0,1,0.46081284458896565,2,1,0.0,3,1.0,1,0,1
474,1,0.4979449260045862,4,4,0.37296013512080317,0,2,1.0,3,0,0.44250704934976004,2,0.3974740277631241,2,1,0.0,2,0.0,0,0,2
475,0,0.4979449260045862,0,3,0.5862488765230227,0,1,0.0,1,0,1.0,1,0.22479726790398669,2,0,0.0,2,0.0,0,0,2
476,3,0.7756153836918468,2,1,0.5414810062186686,2,2,1.0,2,0,1.0,2,0.16714859401602888,2,1,0.0,2,0.0,0,0,1
477,2,0.6003077167403134,2,4,0.7034156954921558,0,3,1.0,2,0,0.44250704934976004,2,0.19652738189166818,0,1,0.0,2,0.0,0,0,1
478,1,0.3563982738645374,2,9,0.33044566179591306,1,3,0.7564707973660301,2,0,1.0,0,0.5192109563302072,2,1,0.0,1,0.0,0,0,1
479,0,0.43384612818214896,4,3,0.4128640767599281,0,4,1.0,2,0,1.0,2,0.607437878833482,2,1,0.44250704934976004,2,1.0,1,0,1
480,1,0.3563982738645374,4,4,0.6182451334235208,0,2,0.0,1,0,0.0,0,0.1365703454007119,2,1,0.0,1,0.0,0,0,1
481,1,0.6003077167403134,2,0,0.36459153780792475,0,1,1.0,2,0,0.0,1,0.22479726790398669,2,1,0.0,2,0.0,0,0,1
482,0,0.6805425739815024,2,3,0.6214148170857852,3,4,1.0,1,0,1.0,1,0.7975354953075078,2,0,0.44250704934976004,2,0.0,1,0,1
483,3,0.43384612818214896,3,3,0.3125042136152927,3,3,0.7564707973660301,1,0,0.44250704934976004,1,0.32828058482669586,2,1,0.44250704934976004,2,0.0,0,0,1
484,3,0.3563982738645374,4,0,0.35711378962143603,2,2,1.0,2,0,1.0,0,0.607437878833482,2,1,0.0,2,0.0,1,0,1
485,1,0.12550150493665424,3,0,0.36613565020394545,0,0,1.0,2,0,1.0,1,0.6557813017309195,2,1,0.0,3,0.0,1,0,2
486,3,0.3563982738645374,2,4,0.5834674317268116,0,2,0.44250704934976004,2,0,1.0,2,0.7300066376602561,2,1,0.0,2,0.0,1,0,1
487,3,0.6003077167403134,2,0,0.6299307382436923,0,4,1.0,1,1,1.0,3,0.8594768059968816,2,2,0.0,2,0.0,1,0,1
488,3,0.29408841067471125,2,0,0.40322402050970774,1,2,0.7564707973660301,2,0,0.44250704934976004,0,0.4402892848174531,2,0,0.0,1,0.0,0,1,1
489,3,0.12550150493665424,2,0,0.614635142853321,0,2,0.44250704934976004,2,2,0.7564707973660301,1,0.22479726790398669,2,0,0.0,2,0.0,0,0,1
490,3,0.3563982738645374,4,4,0.475420051743501,0,4,0.44250704934976004,2,0,0.44250704934976004,3,0.22479726790398669,2,1,0.44250704934976004,2,0.0,0,0,1
491,1,0.6425784273978855,0,9,0.8149058687516657,0,4,0.44250704934976004,1,0,1.0,3,0.5733836932529157,2,2,0.44250704934976004,3,0.0,1,0,2
492,3,0.12550150493665424,4,4,0.37146077991993764,1,2,0.0,1,0,0.0,1,0.2520389271633996,2,1,0.44250704934976004,2,0.0,0,0,1
493,1,0.12550150493665424,2,4,0.08969803029563161,4,4,1.0,2,0,1.0,1,0.5002463213084094,2,1,0.0,2,0.0,0,0,1
494,0,0.3563982738645374,4,0,0.497003530238437,0,2,0.7564707973660301,2,0,0.44250704934976004,0,0.5192109563302072,2,0,0.44250704934976004,1,1.0,0,1,1
495,0,0.6003077167403134,2,3,0.577259754777026,4,2,0.44250704934976004,3,0,1.0,2,0.03654691024993317,2,1,0.0,2,0.0,0,0,2
496,1,0.7465363402620467,2,3,0.8341245981754093,1,1,1.0,2,1,0.0,3,0.3037189394167412,2,0,0.0,3,0.0,1,0,2
497,3,0.6003077167403134,4,3,0.42912310009452925,0,3,1.0,2,0,0.7564707973660301,1,0.5377072805697165,2,1,0.44250704934976004,2,0.0,0,0,1
498,1,0.4979449260045862,2,4,0.383193611174218,0,4,1.0,3,2,0.44250704934976004,0,0.375112275481718,2,1,0.0,1,0.0,0,0,1
499,2,0.12550150493665424,4,0,0.38709395374657296,1,4,0.44250704934976004,0,0,1.0,2,0.2783245389773006,2,1,0.44250704934976004,2,1.0,1,0,1
500,0,0.6003077167403134,2,0,0.5869204483339798,0,1,1.0,1,0,0.0,1,0.2520389271633996,2,1,0.0,2,0.0,0,0,2
501,0,0.7465363402620467,2,1,0.718331281518207,0,4,0.44250704934976004,2,0,1.0,3,0.5733836932529157,2,2,0.0,2,1.0,0,0,1
502,2,0.25853846123061575,2,4,0.349594461593306,1,4,0.44250704934976004,0,0,1.0,0,0.6863595503462365,2,1,0.0,2,0.0,0,0,1
503,1,0.6003077167403134,4,4,0.3674783969275759,1,1,1.0,2,0,1.0,3,0.5002463213084094,0,1,0.44250704934976004,2,1.0,0,0,2
504,0,0.6003077167403134,2,0,0.3657505813152624,0,1,1.0,1,0,1.0,1,0.16714859401602888,2,0,0.0,2,0.0,0,0,2
505,3,0.29408841067471125,2,0,0.38461949061059153,4,2,1.0,2,2,1.0,1,0.2520389271633996,2,1,0.0,1,0.0,0,0,2
506,2,0.43384612818214896,4,1,0.5217369587317333,2,2,0.44250704934976004,2,0,0.44250704934976004,2,0.46081284458896565,2,1,0.0,2,0.0,1,0,1
507,1,0.43384612818214896,1,0,0.7697133777833982,1,0,0.0,2,0,0.44250704934976004,1,0.4191875211794285,2,1,0.0,3,1.0,1,0,2
508,3,0.6003077167403134,2,4,0.4024023673793984,0,2,1.0,3,0,0.44250704934976004,1,0.2783245389773006,2,1,0.0,2,0.0,0,0,1
509,3,0.7756153836918468,2,1,0.8223407335910315,1,4,1.0,2,0,0.44250704934976004,2,0.6239014662166538,2,1,0.0,3,0.0,1,0,1
510,0,0.3563982738645374,2,0,0.2578823823816163,0,3,1.0,2,0,0.44250704934976004,0,0.22479726790398669,2,1,0.0,2,0.0,0,0,2
511,3,0.7465363402620467,2,1,0.6813518890202166,0,2,0.44250704934976004,2,0,0.44250704934976004,3,0.375112275481718,2,2,0.0,3,0.0,1,0,1
512,2,0.43384612818214896,2,9,0.5519305898147904,0,3,0.44250704934976004,2,0,1.0,1,0.22479726790398669,2,0,0.0,2,0.0,1,0,1
513,1,0.3563982738645374,3,4,0.19736143465976252,0,2,1.0,3,1,1.0,0,0.03654691024993317,2,0,0.44250704934976004,2,0.0,0,0,1
514,3,0.6003077167403134,2,0,0.5111476174057488,4,1,1.0,2,0,0.0,1,0.7577528864112137,2,1,0.0,2,0.0,0,0,1
515,0,0.12550150493665424,4,0,0.20670479287399068,0,3,1.0,1,0,0.7564707973660301,1,0.48078904366979236,2,1,0.44250704934976004,2,0.0,0,1,1
516,0,0.12550150493665424,4,0,0.39368070403079036,0,1,0.44250704934976004,2,0,1.0,0,0.5377072805697165,2,1,0.0,1,1.0,0,1,1
517,3,0.7465363402620467,4,3,0.7789396263187625,0,1,0.44250704934976004,1,0,1.0,1,0.1365703454007119,2,0,0.44250704934976004,2,0.0,1,0,2
518,0,0.12550150493665424,2,0,0.3649785272405761,1,4,0.7564707973660301,2,0,0.44250704934976004,1,0.5906042923951844,2,1,0.0,2,0.0,1,0,1
519,3,0.12550150493665424,4,4,0.23907178100672755,4,4,1.0,2,0,1.0,3,0.46081284458896565,2,2,0.44250704934976004,2,0.0,0,0,1
520,3,0.6003077167403134,4,6,0.7189236899931588,0,4,0.7564707973660301,2,0,1.0,3,0.607437878833482,2,2,0.44250704934976004,2,0.0,0,0,1
521,0,0.4979449260045862,2,4,0.5918599413696362,0,2,0.44250704934976004,1,0,0.44250704934976004,0,0.16714859401602888,2,1,0.0,2,0.0,0,0,2
522,0,0.8513107266136218,0,3,0.77867822922209,0,2,0.7564707973660301,2,0,1.0,3,0.7440082242341943,2,2,0.44250704934976004,2,1.0,0,0,2
523,3,0.6003077167403134,2,1,0.6126422018256115,1,3,0.7564707973660301,1,0,1.0,2,0.1365703454007119,2,1,0.0,2,0.0,0,0,1
524,1,0.4979449260045862,2,4,0.3468937948230637,0,2,1.0,1,2,1.0,0,0.22479726790398669,2,1,0.0,1,1.0,0,0,1
525,1,0.6290135813937151,2,1,0.8048421032868136,0,1,0.44250704934976004,2,0,0.7564707973660301,2,0.32828058482669586,2,1,0.44250704934976004,2,0.0,0,0,1
526,3,0.43384612818214896,4,7,0.4212114525033217,1,2,1.0,1,0,0.7564707973660301,2,0.3520623623141783,2,1,0.0,2,0.0,0,0,1
527,3,0.0,4,4,0.41676584578832854,0,3,0.44250704934976004,2,0,0.0,0,0.5733836932529157,2,1,0.44250704934976004,1,1.0,0,0,1
528,0,0.7465363402620467,2,4,0.5159472532233973,0,2,1.0,0,0,1.0,2,0.3520623623141783,2,0,0.0,2,0.0,0,0,2
529,0,0.12550150493665424,2,0,0.22609860665271975,0,1,0.7564707973660301,2,0,1.0,0,0.5557578665801408,2,1,0.0,1,1.0,1,0,1
530,1,0.7465363402620467,2,7,0.5129974874603973,0,3,0.7564707973660301,2,0,0.0,2,0.375112275481718,2,1,0.44250704934976004,2,1.0,0,0,1
531,1,0.43384612818214896,2,0,0.54702990164473,1,2,0.44250704934976004,1,0,1.0,2,0.2783245389773006,2,0,0.44250704934976004,2,0.0,1,0,2
532,3,0.3563982738645374,3,1,0.41676584578832854,0,2,1.0,3,0,1.0,0,0.5557578665801408,2,0,0.0,2,0.0,0,0,1
533,3,0.6003077167403134,2,4,0.3849745998939935,1,3,1.0,3,0,0.7564707973660301,1,0.22479726790398669,2,1,0.0,2,0.0,1,0,1
534,3,0.6003077167403134,2,4,0.5855753615663595,4,1,1.0,2,0,0.44250704934976004,2,0.19652738189166818,2,1,0.44250704934976004,2,0.0,0,0,1
535,2,0.5526268719053268,4,7,0.5176592053622187,0,1,0.44250704934976004,0,0,0.0,2,0.3974740277631241,2,0,0.0,2,0.0,0,0,2
536,0,0.12550150493665424,2,0,0.3958919469448039,4,0,1.0,1,0,0.7564707973660301,1,1.0,2,1,0.0,3,0.0,1,0,1
537,1,0.4979449260045862,4,3,0.6207714388704326,0,4,0.7564707973660301,1,0,1.0,1,0.48078904366979236,2,1,0.0,2,0.0,1,0,1
538,0,0.8513107266136218,2,0,0.7988341236923286,0,4,1.0,2,0,1.0,3,0.5733836932529157,0,2,0.0,3,0.0,0,0,2
539,2,0.4979449260045862,2,3,0.5813402385539443,0,1,0.0,1,0,0.0,1,0.6239014662166538,1,1,0.0,1,0.0,0,0,1
540,1,0.3563982738645374,2,4,0.42151493897411507,0,1,0.0,3,0,0.0,0,0.1365703454007119,2,0,0.0,2,0.0,0,0,2
541,3,0.6003077167403134,3,0,0.4869203041214334,0,4,1.0,2,0,1.0,3,0.8353113854424357,2,2,0.44250704934976004,2,0.0,1,0,1
542,0,0.6805425739815024,2,3,0.752073211099153,4,4,1.0,2,0,1.0,1,0.3520623623141783,2,1,0.0,2,0.0,0,0,2
543,2,0.4979449260045862,2,3,0.5667748094413969,0,2,0.44250704934976004,2,0,0.0,0,0.4191875211794285,2,1,0.0,1,1.0,0,0,2
544,3,0.3563982738645374,4,0,0.37482084918647063,0,4,1.0,2,0,1.0,0,0.8474915411569031,2,1,0.44250704934976004,1,0.0,0,0,1
545,0,0.6003077167403134,3,0,0.38884546005500176,0,0,1.0,2,0,0.44250704934976004,0,0.5906042923951844,2,2,0.44250704934976004,2,1.0,0,0,2
546,3,0.6003077167403134,4,0,0.48577250056238785,0,2,1.0,1,0,1.0,2,0.48078904366979236,2,1,0.0,2,0.0,1,0,1
547,3,0.6003077167403134,2,4,0.4242286572886249,0,3,0.7564707973660301,2,0,0.0,2,0.375112275481718,0,1,0.0,2,1.0,0,0,1
548,0,0.3563982738645374,1,4,0.2131031901049294,0,2,1.0,1,0,1.0,0,0.16714859401602888,0,1,0.0,1,0.0,0,0,2
549,3,0.8513107266136218,4,1,0.8295454586827016,4,3,0.44250704934976004,2,0,0.0,3,0.4402892848174531,2,2,0.44250704934976004,2,0.0,1,0,1
550,3,0.3563982738645374,4,6,0.32106479758321793,4,3,1.0,1,0,1.0,0,0.1365703454007119,2,1,0.44250704934976004,2,0.0,0,0,1
551,3,0.12550150493665424,1,4,0.45216120106941693,2,4,0.44250704934976004,2,0,1.0,1,0.6239014662166538,0,1,0.0,1,1.0,0,0,1
552,0,0.8513107266136218,2,4,0.7747216338485612,0,3,0.0,3,2,0.0,0,0.4191875211794285,2,1,0.44250704934976004,2,0.0,1,0,2
553,1,0.3563982738645374,4,0,0.4826448593643313,1,1,1.0,2,0,0.0,2,0.2520389271633996,2,1,0.0,2,0.0,0,0,1
554,1,0.25853846123061575,2,7,0.36420390392962587,0,3,1.0,1,0,1.0,1,0.9166849840933318,2,1,0.44250704934976004,3,0.0,1,0,1
555,1,0.3563982738645374,2,4,0.3884962115421853,0,1,0.44250704934976004,2,0,0.0,2,0.10469050988644657,1,1,0.0,2,0.0,0,0,2
556,1,0.4979449260045862,0,0,0.5135087419820312,1,1,0.7564707973660301,1,0,0.7564707973660301,2,0.2783245389773006,2,1,0.44250704934976004,2,0.0,0,0,2
557,3,0.5526268719053268,0,0,0.6965857599407397,4,2,0.0,1,0,1.0,1,0.3037189394167412,0,1,0.44250704934976004,2,0.0,1,0,2
558,0,0.6003077167403134,1,3,0.6168733725032205,0,3,0.7564707973660301,2,0,1.0,2,0.2520389271633996,0,1,0.0,2,0.0,0,0,2
559,1,0.4979449260045862,4,3,0.47469715026147696,0,1,0.44250704934976004,2,0,0.44250704934976004,0,0.3520623623141783,2,1,0.44250704934976004,1,0.0,0,0,2
560,0,0.6003077167403134,2,1,0.5747609817432158,4,4,1.0,2,0,1.0,3,0.6863595503462365,0,2,0.0,2,1.0,1,0,1
561,0,0.6003077167403134,1,4,0.4233275951694351,0,3,1.0,2,2,1.0,2,0.16714859401602888,0,0,0.0,1,0.0,0,0,2
562,2,0.12550150493665424,3,4,0.2333571842142368,0,1,0.44250704934976004,1,0,0.0,1,0.3037189394167412,0,1,0.0,2,0.0,0,0,1
563,1,0.7465363402620467,2,0,0.9076308782851927,4,2,0.0,2,0,1.0,3,0.48078904366979236,2,2,0.0,2,0.0,1,0,2
564,1,0.6003077167403134,3,9,0.6826395787600679,4,2,1.0,2,0,0.44250704934976004,1,0.48078904366979236,0,1,0.44250704934976004,3,0.0,1,0,1
565,1,0.6003077167403134,3,4,0.4243784957811665,1,3,0.7564707973660301,1,0,0.44250704934976004,1,0.1365703454007119,2,0,0.44250704934976004,2,0.0,1,0,1
566,0,0.3563982738645374,2,0,0.3955531199706772,0,3,0.44250704934976004,0,0,0.7564707973660301,2,0.46081284458896565,2,1,0.0,2,0.0,0,0,2
567,3,0.6003077167403134,4,4,0.5422947443987594,3,4,0.44250704934976004,2,0,0.44250704934976004,2,0.4191875211794285,2,1,0.0,2,0.0,0,0,1
568,1,0.8513107266136218,2,4,0.6432907881299692,4,3,1.0,2,0,0.0,2,0.5557578665801408,2,1,0.44250704934976004,2,1.0,1,0,1
569,0,0.8513107266136218,2,4,0.7665663472936206,0,2,0.7564707973660301,1,0,0.44250704934976004,2,0.3520623623141783,2,1,0.0,2,0.0,1,0,2
570,0,0.6003077167403134,2,3,0.5950476849216599,0,1,1.0,1,0,1.0,0,0.1365703454007119,2,0,0.0,1,0.0,1,0,2
571,3,0.6805425739815024,4,4,0.7370869642432596,0,3,0.7564707973660301,2,1,0.44250704934976004,2,0.5002463213084094,2,1,0.0,2,0.0,0,0,1
572,3,0.6003077167403134,2,1,0.7157751713880018,4,0,0.44250704934976004,1,0,1.0,1,0.22479726790398669,2,0,0.0,3,0.0,1,0,1
573,0,0.43384612818214896,2,9,0.2718500463590665,0,2,1.0,1,0,1.0,1,0.10469050988644657,2,1,0.0,1,0.0,0,0,1
574,1,0.25853846123061575,2,4,0.340324404068447,0,4,1.0,2,0,1.0,2,0.2520389271633996,2,1,0.44250704934976004,1,0.0,0,0,1
575,3,0.43384612818214896,4,3,0.5605166218084665,0,3,0.44250704934976004,1,1,0.7564707973660301,2,0.16714859401602888,0,1,0.44250704934976004,2,0.0,0,0,1
576,1,0.3563982738645374,2,4,0.5720763118675734,0,3,0.44250704934976004,1,0,0.0,0,0.2520389271633996,2,1,0.0,2,0.0,0,0,1
577,3,0.6003077167403134,4,7,0.4745764481119614,4,2,0.7564707973660301,1,0,0.44250704934976004,2,0.3974740277631241,2,1,0.44250704934976004,2,0.0,1,0,1
578,1,0.7465363402620467,4,0,0.5631721839018222,0,1,1.0,0,0,1.0,2,0.2520389271633996,2,1,0.44250704934976004,2,0.0,0,0,2
579,3,0.6003077167403134,2,8,0.30686538698838084,0,1,1.0,3,0,0.7564707973660301,2,0.2520389271633996,2,1,0.44250704934976004,1,0.0,0,0,1
580,1,0.4979449260045862,4,0,0.3346679328939297,0,4,0.7564707973660301,2,2,0.7564707973660301,0,0.32828058482669586,0,1,0.44250704934976004,2,0.0,0,0,2
581,1,0.3563982738645374,4,0,0.5869949479633967,0,1,0.0,2,0,0.7564707973660301,0,0.6863595503462365,0,1,0.44250704934976004,1,1.0,0,0,1
582,3,0.25853846123061575,2,3,0.39825002591092895,0,2,1.0,1,0,0.44250704934976004,0,0.22479726790398669,2,0,0.0,2,0.0,0,0,1
583,1,0.7465363402620467,2,6,0.5240912047426831,0,1,1.0,2,0,0.0,3,0.3974740277631241,2,0,0.0,1,0.0,0,0,2
584,3,0.3563982738645374,2,0,0.498206499789863,4,4,1.0,1,0,1.0,3,0.7300066376602561,2,2,0.0,3,0.0,1,0,1
585,0,0.4979449260045862,2,3,0.4877204122653833,0,2,0.0,1,0,1.0,0,0.03654691024993317,0,0,0.0,2,0.0,0,0,2
586,0,0.25853846123061575,4,0,0.5614328924463412,0,2,0.44250704934976004,2,0,0.44250704934976004,0,0.46081284458896565,2,0,0.44250704934976004,2,1.0,0,0,1
587,0,0.3563982738645374,2,3,0.38103828012608054,0,2,1.0,2,2,0.0,1,0.07139333606497722,2,1,0.0,1,0.0,0,0,1
588,0,0.4979449260045862,2,5,0.36766958715608644,0,2,1.0,3,0,0.7564707973660301,0,0.6557813017309195,2,1,0.0,1,0.0,1,0,2
589,0,0.3563982738645374,4,3,0.5102171401236246,0,4,0.7564707973660301,2,0,0.7564707973660301,1,0.8353113854424357,2,1,0.44250704934976004,2,0.0,0,0,2
590,0,0.3563982738645374,4,4,0.10018234417485572,0,3,1.0,1,0,0.7564707973660301,0,0.8103403040715502,2,1,1.0,1,0.0,1,0,1
591,1,0.6003077167403134,3,0,0.47911969219247186,4,2,1.0,1,0,1.0,2,0.5733836932529157,2,0,0.44250704934976004,2,0.0,1,0,1
592,3,0.5526268719053268,2,9,0.4272072531467501,3,4,1.0,1,0,1.0,0,0.46081284458896565,0,1,0.0,1,0.0,0,0,1
593,1,0.6003077167403134,2,0,0.5545997504808553,0,2,0.7564707973660301,1,0,1.0,1,0.03654691024993317,2,0,0.0,1,0.0,1,0,2
594,0,0.6003077167403134,1,2,0.39316742027236873,4,4,1.0,2,0,0.7564707973660301,2,0.5377072805697165,1,1,0.0,3,0.0,1,0,2
595,1,0.12550150493665424,1,0,0.30537164438568376,1,1,0.0,1,0,0.0,1,0.375112275481718,1,1,0.0,1,0.0,0,0,2
596,0,0.6003077167403134,2,0,0.40712807999205536,0,3,1.0,1,0,1.0,2,0.1365703454007119,2,0,0.44250704934976004,2,0.0,0,0,2
597,1,0.6003077167403134,0,9,0.6581308432745532,0,2,0.0,2,0,1.0,0,0.46081284458896565,2,1,0.7564707973660301,1,0.0,1,0,2
598,3,0.4979449260045862,4,0,0.5594290858961266,0,3,0.44250704934976004,2,0,0.44250704934976004,1,0.3520623623141783,0,1,0.44250704934976004,2,0.0,0,0,2
599,3,0.6003077167403134,3,9,0.6364055859097932,0,2,0.0,2,0,0.44250704934976004,3,0.375112275481718,2,2,0.0,2,0.0,0,0,1
600,1,0.17530766695153333,2,4,0.5186603857879035,0,1,0.0,1,2,0.0,0,0.6239014662166538,2,1,0.0,2,0.0,0,0,1
601,1,0.25853846123061575,2,3,0.30210193835932087,0,2,1.0,1,0,0.0,1,0.32828058482669586,2,1,0.0,2,0.0,0,0,2
602,1,0.6003077167403134,1,7,0.463448642637055,0,3,1.0,1,0,1.0,3,0.4191875211794285,0,2,0.0,1,0.0,0,0,2
603,3,0.7465363402620467,2,3,0.6031788139364189,0,2,1.0,1,0,0.44250704934976004,2,0.2783245389773006,2,1,0.0,3,0.0,1,0,2
604,2,0.29408841067471125,2,3,0.37849824146811173,0,1,1.0,1,0,0.44250704934976004,1,0.1365703454007119,2,1,0.0,2,0.0,0,0,1
605,0,0.6003077167403134,1,3,0.5638313676064168,2,2,1.0,2,0,1.0,0,0.10469050988644657,1,1,0.0,2,0.0,1,0,1
606,3,0.6003077167403134,4,9,0.6732668882410711,0,2,0.7564707973660301,2,0,0.44250704934976004,0,0.9900784897629773,2,1,0.0,3,0.0,1,0,1
607,1,0.7465363402620467,2,4,0.5505408896266109,1,2,1.0,1,1,1.0,3,0.7011929671798653,2,2,0.0,2,0.0,0,0,2
608,3,0.4979449260045862,2,4,0.48908566010939136,0,1,1.0,2,0,0.0,0,0.3974740277631241,2,1,0.0,2,0.0,0,0,1
609,3,0.43384612818214896,2,1,0.38301476053912253,4,4,1.0,2,0,1.0,3,0.6239014662166538,0,2,0.0,2,1.0,0,0,1
610,0,0.3563982738645374,2,5,0.2523029759620239,1,0,1.0,1,0,0.7564707973660301,1,0.10469050988644657,2,1,0.0,2,0.0,0,0,2
611,2,0.29408841067471125,2,0,0.3720241704897431,1,4,0.0,1,0,1.0,3,0.6712264483428281,2,2,0.0,1,1.0,0,0,2
612,0,0.5526268719053268,2,4,0.6037340296799711,3,1,1.0,1,0,0.44250704934976004,2,0.3037189394167412,0,1,0.0,2,0.0,0,0,1
613,0,0.6003077167403134,1,1,0.6220564219300488,0,2,0.0,1,2,1.0,2,0.10469050988644657,0,0,0.0,2,0.0,0,1,1
614,3,0.4979449260045862,3,3,0.4597466459842403,0,3,1.0,1,0,0.0,0,0.10469050988644657,2,1,0.0,2,0.0,0,0,2
615,1,0.8513107266136218,0,9,0.9041290267829969,4,2,0.44250704934976004,2,0,0.44250704934976004,2,0.6712264483428281,0,1,0.0,3,0.0,1,0,1
616,1,0.9330159884761532,3,4,0.837272143861326,4,2,0.44250704934976004,2,0,0.44250704934976004,3,0.2520389271633996,2,2,0.0,3,0.0,0,0,1
617,0,0.12550150493665424,4,0,0.6248586609611813,0,2,0.0,2,0,0.7564707973660301,0,0.48078904366979236,2,0,0.7564707973660301,2,1.0,0,0,1
618,1,0.6805425739815024,2,3,0.6094852115114859,1,2,0.44250704934976004,1,1,1.0,2,0.07139333606497722,2,0,0.0,2,0.0,0,0,2
619,3,0.3563982738645374,2,0,0.21824352085112264,0,2,1.0,0,0,0.44250704934976004,0,0.6863595503462365,2,1,0.0,1,0.0,0,0,1
620,1,0.5526268719053268,4,9,0.6233343504218227,0,3,0.44250704934976004,2,0,0.7564707973660301,1,0.2520389271633996,2,1,0.44250704934976004,2,0.0,0,0,1
621,3,0.4979449260045862,4,0,0.42090756983597855,0,2,0.7564707973660301,2,0,0.44250704934976004,1,0.375112275481718,0,1,0.44250704934976004,2,0.0,0,0,2
622,3,0.8513107266136218,2,9,0.6394578159367452,4,2,1.0,0,0,0.44250704934976004,0,0.5002463213084094,0,1,0.0,2,0.0,0,0,2
623,0,0.3563982738645374,2,3,0.4660931157059278,0,1,1.0,1,0,0.0,2,0.10469050988644657,2,0,0.0,2,0.0,0,0,1
624,0,0.4979449260045862,2,4,0.5442719879408271,0,2,1.0,2,0,1.0,3,0.8943232318119252,2,2,0.44250704934976004,2,0.0,0,0,2
625,3,0.43384612818214896,2,4,0.4807714159306733,4,4,1.0,2,0,0.44250704934976004,2,0.4402892848174531,2,1,0.0,2,0.0,0,0,1
626,2,0.12550150493665424,2,3,0.4963447352039987,0,2,0.44250704934976004,2,0,0.44250704934976004,0,0.5557578665801408,2,1,0.0,2,0.0,1,0,1
627,1,0.25853846123061575,1,0,0.4063201163550194,1,3,0.44250704934976004,2,0,0.7564707973660301,3,0.3037189394167412,2,1,0.0,2,0.0,0,0,2
628,3,0.8025904231702906,4,3,0.6469465451040872,2,2,1.0,2,0,1.0,0,0.46081284458896565,2,1,0.44250704934976004,2,0.0,1,0,1
629,3,0.25853846123061575,2,7,0.63453056036441,4,4,0.0,2,0,1.0,0,0.8828869322379043,2,1,0.0,1,0.0,0,0,1
630,0,0.6003077167403134,2,4,0.6238435638381843,0,2,0.44250704934976004,1,0,1.0,2,0.2783245389773006,2,1,0.0,2,0.0,0,0,1
631,0,0.4979449260045862,1,3,0.4243784957811665,0,2,1.0,2,0,0.7564707973660301,2,0.607437878833482,0,1,0.0,2,0.0,0,0,2
632,1,0.43384612818214896,2,4,0.40745048183047206,4,1,1.0,2,0,0.0,1,0.1365703454007119,2,1,0.0,2,0.0,0,0,1
633,3,0.25853846123061575,2,3,0.4808889489249024,0,1,0.44250704934976004,1,1,0.44250704934976004,2,0.0,2,0,0.44250704934976004,2,0.0,0,0,2
634,1,0.6003077167403134,2,0,0.3926530021842769,0,1,0.7564707973660301,1,0,1.0,2,0.19652738189166818,2,1,0.0,1,0.0,1,0,2
635,3,0.3563982738645374,2,7,0.3990864410765027,0,4,1.0,2,0,1.0,1,0.6557813017309195,0,1,0.7564707973660301,2,1.0,1,0,1
636,3,0.6003077167403134,2,4,0.3962302814376901,2,3,1.0,1,0,0.0,2,0.2783245389773006,2,1,0.0,2,0.0,0,0,1
637,3,0.9330159884761532,3,4,0.9620620219273648,0,3,0.44250704934976004,2,0,1.0,2,0.07139333606497722,2,1,0.44250704934976004,2,0.0,1,0,1
638,3,0.3563982738645374,2,4,0.4152129775200968,0,1,1.0,1,0,0.7564707973660301,2,0.4191875211794285,2,1,0.0,2,1.0,0,0,1
639,0,0.8025904231702906,3,4,0.6651040473206449,0,3,0.7564707973660301,2,0,0.44250704934976004,1,0.22479726790398669,0,1,0.44250704934976004,2,1.0,1,0,2
640,0,0.4979449260045862,2,7,0.2551093955033119,0,0,1.0,1,0,0.0,0,0.2520389271633996,2,1,0.0,0,0.0,0,0,2
641,1,0.43384612818214896,2,6,0.3844417326102576,0,4,1.0,2,0,1.0,2,0.5002463213084094,2,1,0.44250704934976004,1,0.0,0,0,1
642,3,0.43384612818214896,2,7,0.6782018532614551,1,2,0.7564707973660301,2,0,0.44250704934976004,1,0.5377072805697165,2,1,0.0,3,0.0,1,0,2
643,3,0.6003077167403134,4,4,0.46521495857124284,0,3,1.0,3,2,0.44250704934976004,2,0.3974740277631241,2,1,0.44250704934976004,2,0.0,1,0,1
644,0,0.4979449260045862,4,4,0.46883166600008375,0,3,1.0,3,0,0.0,1,0.375112275481718,2,1,0.44250704934976004,3,0.0,1,0,1
645,3,0.7465363402620467,3,9,0.8052507862688634,4,1,1.0,2,0,1.0,2,0.2520389271633996,2,0,0.44250704934976004,2,0.0,1,0,2
646,0,0.6805425739815024,0,3,0.6761794765946456,0,2,0.44250704934976004,0,2,0.44250704934976004,0,0.375112275481718,2,1,0.44250704934976004,2,0.0,0,0,1
647,3,0.3563982738645374,2,0,0.39791461650113025,2,2,0.44250704934976004,1,0,0.44250704934976004,1,0.22479726790398669,2,1,0.0,2,0.0,0,0,2
648,2,0.6003077167403134,2,0,0.30933385222205456,0,3,1.0,2,0,0.7564707973660301,3,0.5002463213084094,0,2,0.0,2,1.0,0,0,2
649,0,0.3563982738645374,2,7,0.23369724868688246,0,2,1.0,2,0,1.0,2,0.5377072805697165,2,0,0.0,1,1.0,0,0,2
650,0,0.8513107266136218,2,7,0.7900664493925977,0,3,1.0,2,0,0.0,3,0.7011929671798653,2,2,0.0,3,0.0,1,0,1
651,1,0.3563982738645374,2,3,0.4739719967462772,0,2,1.0,2,0,0.44250704934976004,1,0.48078904366979236,2,1,0.0,1,0.0,0,0,2
652,0,0.6003077167403134,2,0,0.5160483055758092,0,4,1.0,2,1,0.0,0,0.6239014662166538,2,1,0.0,2,0.0,0,0,2
653,1,0.7465363402620467,3,0,0.808322034899712,1,4,0.44250704934976004,2,0,1.0,2,0.5733836932529157,2,1,1.0,3,0.0,1,0,2
654,3,0.6003077167403134,4,1,0.5203525717872104,0,3,1.0,2,0,0.7564707973660301,2,0.4402892848174531,2,1,0.44250704934976004,2,0.0,1,0,1
655,0,0.4097737660446762,2,0,0.6429396076407412,0,0,0.0,2,0,1.0,3,0.10469050988644657,2,2,0.0,2,0.0,0,0,1
656,1,0.3563982738645374,2,0,0.29437642542245457,0,4,1.0,2,0,1.0,2,0.5557578665801408,0,1,0.0,1,1.0,0,0,2
657,3,0.8513107266136218,2,4,0.8628801498061085,4,3,1.0,2,0,0.7564707973660301,2,0.48078904366979236,1,1,0.0,2,0.0,1,0,1
658,1,0.6805425739815024,0,9,0.657030774638635,0,2,0.44250704934976004,1,0,0.0,2,0.2783245389773006,2,1,0.44250704934976004,2,0.0,0,0,1
659,1,0.4979449260045862,4,3,0.7524760295732142,0,4,0.44250704934976004,2,0,0.0,3,0.5557578665801408,2,1,0.0,2,0.0,1,0,1
660,2,0.3563982738645374,2,4,0.3824773826395296,0,2,0.7564707973660301,3,0,1.0,0,0.1365703454007119,2,0,0.0,2,0.0,0,0,1
661,0,0.3563982738645374,2,0,0.29749746556586576,4,2,1.0,3,0,0.44250704934976004,2,0.1365703454007119,2,1,0.0,2,0.0,0,0,2
662,3,0.5526268719053268,2,3,0.5096985966030474,0,4,1.0,2,0,0.44250704934976004,0,0.7011929671798653,2,1,0.44250704934976004,2,0.0,0,0,1
663,1,0.12550150493665424,3,3,0.3333428396184339,0,0,1.0,2,0,0.0,1,0.4402892848174531,1,1,0.44250704934976004,3,0.0,1,0,1
664,2,0.12550150493665424,4,7,0.3326774534861059,0,2,0.44250704934976004,1,0,1.0,1,0.7011929671798653,2,1,0.0,1,0.0,0,0,1
665,3,0.6003077167403134,4,2,0.7507500009602044,0,0,1.0,2,1,0.44250704934976004,3,0.2520389271633996,0,1,0.44250704934976004,3,0.0,1,0,1
666,1,0.6805425739815024,1,3,0.6131753233644051,3,2,1.0,2,0,0.44250704934976004,2,0.4191875211794285,1,1,0.0,2,1.0,1,0,1
667,3,0.8513107266136218,1,9,0.6205780781309809,0,2,0.0,1,0,0.0,0,0.2520389271633996,1,1,0.0,2,0.0,0,0,1
668,0,0.3563982738645374,4,0,0.6890213545903625,0,4,0.7564707973660301,2,1,1.0,1,0.5906042923951844,2,0,0.44250704934976004,2,0.0,1,0,2
669,2,0.6805425739815024,4,4,0.578885116623651,0,4,1.0,2,0,1.0,1,0.6557813017309195,2,1,0.0,2,0.0,0,0,1
670,3,0.6003077167403134,4,9,0.6524653387952977,1,2,0.7564707973660301,2,0,0.7564707973660301,1,0.2520389271633996,2,1,0.44250704934976004,1,0.0,1,0,1
671,3,0.7465363402620467,2,9,0.7286490243034054,1,3,0.44250704934976004,2,0,0.44250704934976004,2,0.3520623623141783,2,1,0.44250704934976004,2,0.0,1,0,1
672,3,0.9330159884761532,2,0,0.8661361008009179,0,4,0.44250704934976004,2,0,1.0,1,0.5733836932529157,2,1,0.0,3,0.0,1,0,1
673,3,0.12550150493665424,4,0,0.49235232326002465,2,2,0.0,3,0,0.44250704934976004,2,0.16714859401602888,2,1,0.0,2,0.0,0,0,1
674,3,0.5526268719053268,3,9,0.5424751894389004,2,1,1.0,2,0,0.44250704934976004,0,0.5557578665801408,0,1,0.0,1,1.0,0,0,2
675,3,0.6805425739815024,4,4,0.6734724736729605,0,3,1.0,1,0,1.0,2,0.22479726790398669,2,0,0.0,3,0.0,1,0,1
676,3,0.6003077167403134,4,3,0.7033253328783948,0,4,1.0,2,0,1.0,2,0.3974740277631241,2,1,0.0,2,0.0,1,0,1
677,1,1.0,2,4,0.7226132701074057,1,2,0.44250704934976004,3,0,0.44250704934976004,2,0.16714859401602888,2,1,0.0,2,0.0,0,0,2
678,0,0.6003077167403134,2,4,0.5240912047426831,0,4,1.0,2,0,1.0,0,0.8828869322379043,0,0,0.0,1,0.0,0,0,1
679,3,0.4979449260045862,2,4,0.40889578955149464,0,1,0.7564707973660301,1,0,0.0,0,0.22479726790398669,2,1,0.0,2,0.0,0,0,1
680,3,0.12550150493665424,2,7,0.42212072744907747,0,1,0.0,1,0,0.44250704934976004,3,0.7845079830865336,2,1,0.0,2,0.0,0,0,1
681,3,0.3563982738645374,2,4,0.5136108582767707,4,2,1.0,2,0,1.0,3,0.48078904366979236,2,2,0.0,2,0.0,1,0,1
682,3,0.43384612818214896,3,4,0.4128640767599281,0,2,1.0,3,0,0.7564707973660301,0,0.3974740277631241,0,1,0.44250704934976004,2,0.0,0,0,1
683,3,0.6003077167403134,4,4,0.70119165002358,0,1,0.7564707973660301,3,0,0.7564707973660301,3,0.6557813017309195,2,2,0.7564707973660301,2,0.0,1,0,1
684,1,0.7465363402620467,3,9,0.8544172344711414,1,3,0.0,2,0,0.7564707973660301,1,0.3520623623141783,2,1,0.44250704934976004,1,1.0,1,0,1
685,3,0.9330159884761532,2,0,0.7584717836963661,4,2,1.0,2,0,1.0,3,0.4191875211794285,2,2,0.0,2,1.0,1,0,1
686,2,0.29408841067471125,4,4,0.3912756366854535,4,3,1.0,2,0,0.44250704934976004,1,0.2520389271633996,2,1,0.44250704934976004,2,0.0,1,0,1
687,1,0.7465363402620467,3,0,0.566612257695877,1,4,1.0,2,0,0.7564707973660301,3,0.32828058482669586,2,2,0.0,2,0.0,0,0,1
688,3,0.25853846123061575,2,4,0.5575769857154242,1,4,0.7564707973660301,2,1,1.0,2,0.4402892848174531,2,1,0.0,2,0.0,1,0,1
689,0,0.3563982738645374,2,0,0.6232706203488376,3,2,0.0,2,0,0.7564707973660301,1,0.3520623623141783,2,1,0.0,2,1.0,0,0,1
690,0,0.43384612818214896,4,3,0.31610946002723894,0,2,0.44250704934976004,0,0,0.7564707973660301,1,0.19652738189166818,2,1,0.44250704934976004,2,0.0,0,0,1
691,1,0.43384612818214896,2,6,0.54702990164473,1,2,0.7564707973660301,1,0,0.44250704934976004,0,0.19652738189166818,2,1,0.0,1,0.0,0,0,1
692,1,0.6003077167403134,2,4,0.5693603170657224,1,1,0.44250704934976004,2,0,0.0,2,0.3037189394167412,2,1,0.0,2,0.0,0,0,1
693,0,0.12550150493665424,4,0,0.6828370541399926,4,1,0.0,2,0,0.7564707973660301,0,0.607437878833482,2,1,0.44250704934976004,1,1.0,0,0,1
694,3,0.6003077167403134,2,4,0.5141207688643032,0,3,1.0,2,0,0.44250704934976004,2,0.2783245389773006,2,1,0.0,2,0.0,1,0,1
695,3,0.12550150493665424,2,1,0.3712726796348531,2,2,0.44250704934976004,2,0,1.0,1,0.7011929671798653,2,0,0.0,2,0.0,0,0,1
696,1,0.3563982738645374,2,4,0.34479482577565745,0,3,1.0,2,2,0.7564707973660301,0,0.3037189394167412,2,1,0.44250704934976004,2,0.0,0,1,1
697,3,0.3563982738645374,4,0,0.3041194945662802,0,0,0.0,1,0,0.44250704934976004,1,0.5002463213084094,2,1,0.0,0,0.0,0,0,1
698,3,0.4979449260045862,4,4,0.458714958577376,0,2,1.0,2,0,0.44250704934976004,2,0.16714859401602888,2,1,0.44250704934976004,2,0.0,0,0,1
699,2,0.43384612818214896,2,7,0.47190504164917657,0,4,1.0,2,0,1.0,2,0.5377072805697165,2,0,0.0,3,0.0,1,0,1
700,3,0.3563982738645374,2,3,0.3489740060767983,2,2,1.0,1,0,1.0,2,0.3037189394167412,2,0,0.0,1,0.0,0,0,2
701,0,0.8513107266136218,4,1,0.7513757876156117,0,4,1.0,2,0,1.0,3,0.6400109703637957,2,2,0.44250704934976004,2,0.0,1,0,2
702,2,0.6003077167403134,2,4,0.3963992644506471,1,4,1.0,1,0,0.44250704934976004,3,0.6557813017309195,2,2,0.0,2,0.0,1,0,1
703,1,0.6805425739815024,3,9,0.5354250517497094,1,4,1.0,2,0,0.44250704934976004,1,0.5557578665801408,1,1,0.44250704934976004,2,0.0,0,0,1
704,1,0.6425784273978855,2,9,0.537737549311639,0,1,1.0,1,0,0.0,1,0.375112275481718,2,1,0.0,2,1.0,1,0,1
705,3,0.43384612818214896,2,0,0.711058516692259,2,4,0.0,1,0,1.0,3,0.4402892848174531,2,2,0.0,2,0.0,0,0,1
706,1,0.8513107266136218,2,0,0.7596455267248627,1,3,0.7564707973660301,2,0,0.44250704934976004,1,0.16714859401602888,2,1,0.0,2,0.0,0,0,2
707,1,0.3563982738645374,0,3,0.5751531875480937,0,1,1.0,1,0,0.7564707973660301,1,0.19652738189166818,2,0,0.44250704934976004,2,0.0,0,0,2
708,1,0.25853846123061575,2,4,0.36555780773064206,0,4,1.0,1,0,1.0,0,0.19652738189166818,2,1,0.0,2,0.0,0,0,1
709,1,0.25853846123061575,2,4,0.4965645407823007,0,2,0.44250704934976004,2,0,0.44250704934976004,0,0.48078904366979236,2,1,0.0,1,1.0,0,0,1
710,3,0.4979449260045862,4,4,0.21421428572349366,2,4,1.0,2,0,0.7564707973660301,1,0.375112275481718,0,1,0.44250704934976004,3,0.0,1,0,1
711,0,0.12550150493665424,1,7,0.3640098446519209,0,4,1.0,1,0,1.0,3,0.4402892848174531,2,2,0.0,2,0.0,0,0,2
712,3,0.5526268719053268,2,1,0.5329014773708145,4,4,1.0,2,0,1.0,0,0.6400109703637957,2,1,0.0,3,0.0,1,0,1
713,0,0.25853846123061575,4,4,0.3520598765922225,0,2,1.0,2,0,1.0,0,0.19652738189166818,2,1,0.44250704934976004,1,0.0,0,0,1
714,1,0.9330159884761532,2,0,0.9365334213781669,0,3,1.0,2,0,0.44250704934976004,3,0.2520389271633996,2,1,0.0,3,0.0,1,0,2
715,3,0.6805425739815024,4,1,0.7937726296901699,4,4,0.0,2,0,1.0,2,0.8712733186443855,2,1,0.44250704934976004,2,0.0,0,0,1
716,3,0.6805425739815024,4,4,0.5834674317268116,4,4,0.7564707973660301,2,0,0.44250704934976004,2,0.5377072805697165,2,1,0.44250704934976004,2,1.0,1,0,1
717,3,0.4979449260045862,2,4,0.4170751801728887,0,2,1.0,2,0,0.44250704934976004,3,0.375112275481718,2,2,0.0,3,0.0,1,0,1
718,2,0.6003077167403134,4,4,0.5887758231348077,4,2,0.7564707973660301,2,0,0.44250704934976004,2,0.3520623623141783,2,1,0.44250704934976004,2,0.0,1,0,1
719,1,0.5352752709813305,0,1,0.7445492975150461,1,4,0.7564707973660301,3,0,1.0,2,0.3520623623141783,0,1,0.44250704934976004,2,0.0,1,0,1
720,2,0.25853846123061575,0,4,0.38954238898916294,0,1,1.0,2,0,0.44250704934976004,2,0.4191875211794285,2,1,0.44250704934976004,3,0.0,1,0,2
721,1,0.12550150493665424,1,7,0.12746513527906367,3,1,1.0,1,0,0.44250704934976004,1,0.16714859401602888,0,0,0.0,2,1.0,0,0,2
722,0,0.3563982738645374,2,0,0.3697623801589318,0,2,1.0,1,0,0.44250704934976004,0,0.16714859401602888,2,1,0.0,1,0.0,0,0,2
723,1,0.25853846123061575,2,4,0.26718858214552377,2,2,1.0,1,0,0.7564707973660301,0,0.9055875504250546,2,1,0.0,1,0.0,0,0,1
724,3,0.6425784273978855,2,0,0.5415715621778443,0,2,0.7564707973660301,1,0,0.7564707973660301,0,0.07139333606497722,2,0,0.0,2,0.0,0,0,2
725,3,0.12550150493665424,4,0,0.0,3,2,0.44250704934976004,1,0,0.44250704934976004,0,0.5557578665801408,0,1,0.44250704934976004,1,0.0,0,0,1
726,3,0.43384612818214896,4,4,0.3858600102050642,2,2,0.44250704934976004,3,0,0.44250704934976004,1,0.6557813017309195,2,1,0.44250704934976004,1,0.0,0,0,1
727,0,0.4979449260045862,2,4,0.46907903487578184,0,2,1.0,1,0,1.0,2,0.19652738189166818,0,0,0.44250704934976004,2,0.0,0,0,2
728,1,0.8513107266136218,1,9,0.7544797315857084,0,4,1.0,1,0,0.7564707973660301,3,0.8229298957469484,2,0,0.0,2,0.0,0,0,2
729,2,0.6003077167403134,4,9,0.37849824146811173,3,2,0.44250704934976004,0,0,1.0,0,0.46081284458896565,2,1,0.44250704934976004,2,0.0,1,0,1
730,1,0.6003077167403134,3,4,0.7540076835069818,0,1,0.0,2,0,0.44250704934976004,2,0.3974740277631241,2,1,0.0,2,0.0,0,0,1
731,0,0.6003077167403134,2,4,0.48171002240453453,0,2,0.44250704934976004,2,0,1.0,0,0.07139333606497722,2,0,0.0,1,1.0,0,0,2
732,1,0.21923981534903902,2,4,0.2581884627546138,0,3,1.0,1,2,0.44250704934976004,0,0.607437878833482,2,1,0.0,1,0.0,0,0,1
733,3,0.6003077167403134,2,1,0.5445403154519524,3,2,0.44250704934976004,1,0,1.0,2,0.2783245389773006,2,0,0.0,2,0.0,1,0,1
734,3,0.0,4,0,0.6053229374884603,0,3,0.0,1,0,0.0,0,0.48078904366979236,2,1,0.0,2,1.0,0,0,1
735,1,0.7465363402620467,1,5,0.6439332461946539,4,1,0.7564707973660301,1,0,0.44250704934976004,3,0.3037189394167412,0,1,0.0,0,0.0,0,0,1
736,1,0.6003077167403134,2,1,0.8915107299597493,0,2,0.0,1,0,1.0,2,0.1365703454007119,2,0,0.44250704934976004,3,0.0,0,0,2
737,0,0.4979449260045862,2,0,0.6656359810304777,1,2,0.7564707973660301,2,0,1.0,2,0.4402892848174531,2,1,0.0,1,1.0,1,0,1
738,3,0.12550150493665424,4,0,0.7666696417661947,0,3,0.0,2,0,0.7564707973660301,3,0.6239014662166538,2,1,0.44250704934976004,3,1.0,1,0,1
739,1,0.6805425739815024,0,9,0.6602611384468424,1,2,1.0,1,0,1.0,2,0.22479726790398669,2,0,0.44250704934976004,1,0.0,0,0,2
740,0,0.6003077167403134,1,0,0.5182604302081912,1,3,0.44250704934976004,2,0,0.7564707973660301,2,0.375112275481718,0,1,0.0,2,0.0,0,0,1
741,1,0.29408841067471125,1,4,0.332899460265095,0,2,1.0,2,0,1.0,0,0.1365703454007119,1,1,0.0,1,0.0,0,0,1
742,3,0.5526268719053268,2,4,0.5896611773183069,4,4,1.0,2,0,0.7564707973660301,1,0.5557578665801408,2,1,0.0,2,0.0,1,0,1
743,0,0.6003077167403134,1,3,0.5335583690104981,2,2,1.0,2,0,1.0,0,0.10469050988644657,1,1,0.0,2,0.0,1,0,1
744,0,0.7756153836918468,4,3,0.9390420717012589,4,3,1.0,2,0,1.0,1,0.32828058482669586,2,1,0.44250704934976004,3,0.0,1,0,1
745,0,0.38403996616726976,4,9,0.458326893874895,0,1,0.7564707973660301,2,0,0.0,1,0.2783245389773006,0,1,0.44250704934976004,1,0.0,0,0,1
746,0,0.43384612818214896,2,0,0.5361675534642047,0,0,0.0,1,0,1.0,2,0.1365703454007119,2,0,0.0,2,0.0,0,0,1
747,0,0.3563982738645374,2,0,0.37831574511213484,0,1,0.7564707973660301,1,0,0.0,0,0.48078904366979236,2,1,0.0,1,0.0,0,0,2
748,3,0.5526268719053268,2,1,0.7077123590431229,4,2,0.0,2,0,0.7564707973660301,2,0.22479726790398669,2,1,0.0,2,0.0,0,0,1
749,3,0.43384612818214896,2,1,0.5798088245426372,0,3,0.44250704934976004,2,0,0.44250704934976004,2,0.3974740277631241,2,1,0.0,2,0.0,0,0,1
750,0,0.12550150493665424,2,3,0.12476783870058927,0,4,0.44250704934976004,1,0,0.0,1,0.6863595503462365,0,1,0.0,2,0.0,1,0,1
751,0,0.4979449260045862,2,0,0.3163478359724188,0,1,0.0,1,0,0.44250704934976004,2,0.1365703454007119,2,1,0.0,1,0.0,0,0,2
752,1,0.3563982738645374,2,9,0.2817327836628303,1,3,0.44250704934976004,1,0,1.0,0,0.1365703454007119,2,0,0.0,1,0.0,0,0,1
753,3,0.6805425739815024,4,4,0.7298214885475236,0,3,1.0,1,0,0.44250704934976004,2,0.19652738189166818,2,1,0.44250704934976004,2,0.0,0,0,1
754,3,0.3563982738645374,3,6,0.42467788371970516,3,4,1.0,2,0,1.0,3,0.7712498834936072,2,2,0.44250704934976004,2,1.0,0,0,2
755,0,0.6003077167403134,2,0,0.38031537864405673,4,3,1.0,1,0,1.0,3,0.375112275481718,2,0,0.0,2,0.0,0,0,2
756,2,0.12550150493665424,4,0,0.38283577237949595,0,2,0.0,2,0,0.0,0,0.9900784897629773,2,1,0.7564707973660301,0,1.0,0,1,1
757,2,0.43384612818214896,4,4,0.377767396000777,4,2,0.7564707973660301,2,0,1.0,3,0.5192109563302072,2,2,0.44250704934976004,2,0.0,1,0,2
758,3,0.6003077167403134,2,0,0.3990864410765027,0,2,0.44250704934976004,2,2,0.44250704934976004,0,0.3520623623141783,2,1,0.0,2,0.0,1,0,1
759,0,0.3563982738645374,4,0,0.2360638901784926,0,4,1.0,2,0,0.7564707973660301,1,0.4402892848174531,2,1,0.44250704934976004,2,0.0,0,0,2
760,3,0.43384612818214896,4,0,0.698531345751918,4,4,0.0,1,0,1.0,2,0.8229298957469484,2,1,0.0,2,0.0,1,0,1
761,0,0.4979449260045862,4,3,0.49722271489693437,0,2,1.0,1,0,1.0,0,0.16714859401602888,2,0,0.44250704934976004,2,0.0,0,0,2
762,0,0.3563982738645374,2,4,0.5068783240806587,0,2,1.0,2,0,0.7564707973660301,1,0.16714859401602888,2,1,0.0,1,0.0,0,0,1
763,3,0.5526268719053268,4,0,0.9130347554660876,4,4,1.0,2,0,1.0,3,0.32828058482669586,2,2,0.0,3,0.0,1,0,2
764,3,0.6003077167403134,4,0,0.5316765957054828,1,3,1.0,3,0,0.7564707973660301,1,0.2520389271633996,2,1,0.44250704934976004,2,0.0,1,0,1
765,1,0.3563982738645374,2,4,0.35550844470598664,0,4,0.7564707973660301,3,2,0.7564707973660301,0,0.5377072805697165,0,1,0.44250704934976004,1,0.0,0,0,1
766,0,0.6805425739815024,2,3,0.5858000831511099,0,1,0.44250704934976004,0,0,1.0,1,0.3520623623141783,2,1,0.0,1,0.0,0,0,2
767,3,0.29408841067471125,2,1,0.5697617210108994,4,1,0.0,1,0,1.0,0,0.3520623623141783,2,0,0.0,2,0.0,0,0,1
768,1,0.3563982738645374,4,3,0.6210933502619747,0,4,0.0,2,0,1.0,2,0.2783245389773006,2,0,0.7564707973660301,2,0.0,1,0,1
769,3,0.3563982738645374,4,4,0.4391765973930779,0,4,0.44250704934976004,2,0,1.0,0,0.8712733186443855,2,1,0.44250704934976004,1,0.0,1,0,1
770,0,0.6003077167403134,2,1,0.5625111281785145,4,4,0.44250704934976004,1,0,1.0,0,0.22479726790398669,2,0,0.0,2,0.0,0,0,1
771,0,0.7465363402620467,4,7,0.8077167902211206,0,2,0.7564707973660301,1,0,0.44250704934976004,3,0.19652738189166818,2,1,0.44250704934976004,3,0.0,1,0,2
772,3,0.5526268719053268,4,1,0.5979792972217668,0,4,0.0,2,0,1.0,2,0.46081284458896565,2,1,0.0,3,0.0,1,0,1
773,3,0.6003077167403134,4,4,0.507822216705899,1,4,1.0,2,0,1.0,1,0.7300066376602561,0,1,0.44250704934976004,2,0.0,0,0,1
774,2,0.3563982738645374,4,0,0.41317863638904795,2,0,0.44250704934976004,2,0,1.0,3,0.9055875504250546,0,2,0.7564707973660301,0,0.0,0,0,1
775,0,0.6003077167403134,2,0,0.39538352135470434,4,2,1.0,1,0,1.0,0,0.19652738189166818,2,0,0.0,2,0.0,0,0,2
776,3,0.7465363402620467,4,0,0.6157569478685023,0,3,1.0,2,0,1.0,2,0.48078904366979236,2,1,0.44250704934976004,2,0.0,1,0,1
777,0,0.4979449260045862,2,4,0.6140390501072712,0,3,1.0,1,2,0.0,0,0.19652738189166818,2,1,0.0,2,0.0,0,0,1
778,3,0.7465363402620467,4,1,0.727389135275033,3,4,1.0,2,0,0.44250704934976004,2,0.5002463213084094,2,1,0.44250704934976004,3,0.0,1,0,1
779,1,0.4979449260045862,2,6,0.6369471311485291,0,0,0.44250704934976004,1,0,1.0,2,0.9166849840933318,2,1,0.0,2,0.0,1,0,1
780,1,0.7756153836918468,4,4,0.6933065376050123,0,3,0.44250704934976004,2,2,0.44250704934976004,0,0.19652738189166818,2,1,0.44250704934976004,2,0.0,0,0,2
781,3,0.6003077167403134,4,0,0.4761407151368602,3,4,1.0,2,0,1.0,0,0.8353113854424357,2,1,0.0,2,0.0,1,0,1
782,1,0.3563982738645374,0,8,0.4019079797454994,0,2,0.44250704934976004,2,0,0.44250704934976004,0,0.3520623623141783,2,1,0.0,1,0.0,1,0,1
783,1,0.3563982738645374,2,0,0.28034639427492314,1,1,1.0,1,0,0.44250704934976004,1,0.1365703454007119,0,1,0.0,1,0.0,0,0,2
784,1,0.5352752709813305,2,1,0.7563584089705371,4,0,0.0,0,0,1.0,0,0.8353113854424357,2,1,0.0,3,0.0,1,0,1
785,1,0.4979449260045862,2,9,0.4762606090824031,3,2,1.0,2,0,0.44250704934976004,1,0.4402892848174531,2,1,0.0,1,0.0,1,0,1
786,3,0.5692070306600202,2,4,0.5508890932668971,2,4,0.7564707973660301,2,0,1.0,2,0.5377072805697165,2,1,0.0,2,0.0,0,0,1
787,3,0.8513107266136218,4,1,0.5574078799396431,4,4,1.0,2,0,0.7564707973660301,2,0.5002463213084094,2,1,0.44250704934976004,2,1.0,1,0,1
788,1,0.8513107266136218,3,7,0.7474086887071163,0,4,1.0,2,0,1.0,3,0.7011929671798653,2,2,0.0,2,0.0,0,0,2
789,0,0.7848255344966458,4,7,0.7388005506945596,0,2,1.0,2,0,0.7564707973660301,3,0.2520389271633996,0,1,0.0,2,0.0,1,0,2
790,1,0.5526268719053268,2,9,0.36206030151302393,0,4,0.44250704934976004,1,0,1.0,1,0.5192109563302072,2,1,0.0,2,1.0,0,0,2
791,3,0.6003077167403134,2,1,0.7507131375362417,4,4,0.7564707973660301,2,0,1.0,2,0.5557578665801408,2,1,0.0,3,1.0,1,0,1
792,3,0.12550150493665424,4,3,0.3684327815778847,4,2,0.0,3,0,0.44250704934976004,1,0.2520389271633996,2,1,0.44250704934976004,2,0.0,0,0,1
793,2,0.6003077167403134,2,3,0.5690386947829491,0,4,0.7564707973660301,0,0,1.0,3,0.7157383382218758,2,2,0.0,2,0.0,0,0,1
794,3,0.6003077167403134,2,3,0.5823302819805514,2,4,1.0,2,0,0.7564707973660301,3,0.375112275481718,2,0,0.0,2,0.0,1,0,1
795,3,0.25853846123061575,2,3,0.5158461569828829,1,1,0.44250704934976004,1,0,1.0,1,0.10469050988644657,2,0,0.0,2,0.0,0,0,1
796,0,0.4979449260045862,2,1,0.7911535276448638,4,4,0.0,2,0,1.0,1,0.7157383382218758,2,2,0.0,2,1.0,1,0,2
797,3,0.3563982738645374,4,3,0.375376175310991,0,1,0.44250704934976004,1,0,1.0,1,0.10469050988644657,2,0,0.44250704934976004,1,0.0,0,0,1
798,3,0.6003077167403134,3,0,0.24464943973532205,4,4,1.0,3,0,1.0,2,0.7577528864112137,2,1,0.44250704934976004,2,0.0,1,0,1
799,1,0.25853846123061575,2,0,0.423778562227102,4,1,1.0,2,0,0.44250704934976004,0,0.4402892848174531,2,1,0.0,0,0.0,0,0,1
800,3,0.6003077167403134,4,7,0.4308776869708375,0,4,1.0,2,0,1.0,3,0.7577528864112137,2,2,0.44250704934976004,2,1.0,0,0,1
801,1,0.4979449260045862,4,4,0.45806782418746805,0,4,0.7564707973660301,1,2,1.0,0,0.6712264483428281,0,0,0.44250704934976004,1,0.0,1,0,1
802,0,0.5352752709813305,4,3,0.6598257413778845,0,4,0.0,1,0,1.0,1,0.16714859401602888,2,1,0.44250704934976004,2,0.0,0,0,1
803,3,0.3563982738645374,4,4,0.3163478359724188,4,4,1.0,2,0,1.0,2,0.4402892848174531,2,1,0.44250704934976004,2,0.0,0,0,1
804,1,0.3563982738645374,2,0,0.7899418880036055,4,0,0.0,1,0,0.44250704934976004,0,0.16714859401602888,2,0,0.0,0,0.0,0,0,1
805,0,0.7465363402620467,2,0,0.8401518600543376,0,3,0.44250704934976004,2,0,0.0,2,0.16714859401602888,2,1,0.0,2,0.0,1,0,2
806,1,0.12550150493665424,2,4,0.19933913636217504,0,1,0.7564707973660301,3,0,0.7564707973660301,0,0.22479726790398669,2,1,0.0,1,0.0,0,1,1
807,3,0.3563982738645374,4,4,0.3051217526921992,4,4,1.0,2,0,1.0,0,0.8943232318119252,2,1,1.0,2,0.0,0,0,1
808,1,0.8025904231702906,1,1,0.8404529259598021,0,0,0.0,2,0,0.44250704934976004,3,0.7712498834936072,0,2,0.0,3,0.0,1,0,1
809,1,0.43384612818214896,0,0,0.45585401195841624,0,1,0.44250704934976004,1,0,0.0,0,0.22479726790398669,2,0,0.44250704934976004,0,0.0,0,0,2
810,1,0.21923981534903902,2,9,0.29929893241337036,0,1,0.7564707973660301,3,0,0.44250704934976004,0,0.22479726790398669,2,1,0.0,2,0.0,1,0,1
811,1,0.12550150493665424,2,4,0.15332735085076732,0,3,0.7564707973660301,3,2,0.7564707973660301,0,0.2783245389773006,0,1,0.0,1,0.0,0,0,1
812,0,0.7465363402620467,4,1,0.8489703015645977,0,3,1.0,2,0,1.0,2,0.16714859401602888,2,1,0.44250704934976004,2,0.0,1,0,2
813,0,0.8513107266136218,2,5,0.5814928272779436,0,2,0.7564707973660301,2,0,1.0,2,0.7577528864112137,2,1,0.0,2,0.0,0,0,2
814,0,0.8513107266136218,2,0,0.6404663964702062,0,3,1.0,2,0,1.0,3,0.6400109703637957,2,2,0.0,2,1.0,0,0,2
815,1,0.7465363402620467,3,0,0.7886925943024412,0,2,0.44250704934976004,1,0,0.44250704934976004,1,0.7577528864112137,2,0,0.0,2,0.0,0,0,1
816,3,0.12550150493665424,2,5,0.38971629567646393,2,2,0.0,0,0,1.0,0,0.8594768059968816,2,1,0.0,2,0.0,0,0,1
817,3,0.12550150493665424,4,4,0.4245282378835482,0,3,0.0,1,0,0.44250704934976004,2,0.16714859401602888,2,0,0.44250704934976004,2,0.0,1,0,1
818,0,0.7465363402620467,2,2,0.9650758945959548,0,0,0.44250704934976004,0,1,0.7564707973660301,2,0.5906042923951844,2,1,0.0,3,0.0,0,0,1
819,0,0.4979449260045862,2,4,0.39093001807685757,0,2,1.0,3,0,0.7564707973660301,0,0.22479726790398669,0,1,0.0,2,0.0,0,0,2
820,3,0.3563982738645374,2,0,0.344372751153895,0,2,0.7564707973660301,3,0,0.44250704934976004,0,0.2520389271633996,2,1,0.44250704934976004,2,0.0,1,0,1
821,2,0.3563982738645374,2,4,0.578807975250907,0,2,0.7564707973660301,3,0,0.0,2,0.16714859401602888,2,1,0.0,2,0.0,0,0,1
822,0,0.7465363402620467,2,3,0.5540855217957481,0,4,0.44250704934976004,2,0,0.44250704934976004,1,0.5557578665801408,0,1,0.0,2,1.0,0,0,2
823,0,0.21923981534903902,4,0,0.24914452736692505,0,4,1.0,2,0,1.0,0,0.6557813017309195,2,1,0.44250704934976004,1,0.0,0,0,1
824,3,0.4979449260045862,4,3,0.6313510381993799,0,1,0.7564707973660301,0,0,0.44250704934976004,2,0.4402892848174531,2,1,0.44250704934976004,3,0.0,1,0,1
825,0,0.5526268719053268,4,0,0.43160487934646774,0,4,1.0,3,0,0.7564707973660301,2,0.32828058482669586,2,1,0.44250704934976004,2,0.0,1,0,1
826,0,0.4979449260045862,4,0,0.6425292263152356,0,4,0.0,1,0,1.0,0,0.3974740277631241,0,0,0.7564707973660301,2,0.0,1,0,2
827,3,0.4979449260045862,0,9,0.6539226337894644,0,2,0.44250704934976004,2,0,0.44250704934976004,2,0.46081284458896565,1,1,0.44250704934976004,2,1.0,0,0,2
828,0,0.7465363402620467,2,1,0.8153810606947931,4,4,0.7564707973660301,2,0,1.0,3,0.6557813017309195,2,2,0.0,2,0.0,0,0,2
829,1,0.8513107266136218,3,9,0.7638993134392078,4,2,1.0,2,0,1.0,3,0.5002463213084094,2,2,0.0,2,1.0,1,0,1
830,3,0.6003077167403134,3,9,0.5232111504236081,2,2,1.0,2,0,0.44250704934976004,2,0.607437878833482,2,1,0.44250704934976004,2,1.0,1,0,1
831,0,0.4979449260045862,2,0,0.3674783969275759,0,1,1.0,1,0,0.7564707973660301,2,0.1365703454007119,2,0,0.0,2,0.0,1,0,2
832,0,0.8277454918906358,0,9,0.8966089033805962,0,4,0.44250704934976004,2,0,1.0,2,0.3037189394167412,2,0,0.44250704934976004,2,0.0,0,0,2
833,1,0.6003077167403134,2,4,0.7003235152039169,4,4,0.44250704934976004,1,0,1.0,2,0.5733836932529157,2,1,0.0,2,0.0,1,0,1
834,2,0.43384612818214896,2,4,0.5184604938991704,0,1,0.44250704934976004,1,0,0.7564707973660301,0,0.19652738189166818,2,1,0.0,1,0.0,0,0,2
835,0,0.3563982738645374,0,0,0.340324404068447,0,2,1.0,2,0,1.0,2,0.6712264483428281,0,1,0.44250704934976004,2,0.0,0,0,2
836,3,0.3563982738645374,2,4,0.29385215923208596,4,2,1.0,1,0,0.44250704934976004,2,0.07139333606497722,2,1,0.0,2,0.0,0,0,1
837,3,0.0,2,3,0.20363182296284177,0,1,0.0,1,0,0.7564707973660301,0,0.1365703454007119,2,0,0.0,1,1.0,0,0,1
838,0,0.6003077167403134,4,1,0.5742107810376624,0,4,1.0,2,0,1.0,1,0.8712733186443855,2,1,0.44250704934976004,2,0.0,1,0,1
839,3,0.6003077167403134,4,4,0.545254346963145,0,4,1.0,3,1,0.7564707973660301,0,0.6400109703637957,2,1,0.44250704934976004,2,0.0,0,0,1
840,0,0.7465363402620467,2,3,0.7046321698437004,0,3,1.0,2,0,0.44250704934976004,1,0.3037189394167412,2,1,0.0,2,0.0,0,0,2
841,3,0.5526268719053268,3,1,0.5770266309817516,0,2,0.7564707973660301,2,0,0.44250704934976004,0,0.2783245389773006,1,1,0.44250704934976004,1,0.0,0,0,1
842,3,0.4979449260045862,2,6,0.4765002118726016,0,1,1.0,1,0,1.0,0,0.1365703454007119,2,1,0.0,2,0.0,0,0,2
843,3,0.6003077167403134,1,9,0.42527550687243076,0,3,1.0,2,0,1.0,2,0.7011929671798653,0,1,0.0,2,0.0,1,0,1
844,3,0.4979449260045862,2,3,0.6081967281888321,0,4,1.0,2,0,1.0,1,0.6557813017309195,0,1,0.7564707973660301,2,1.0,1,0,1
845,1,0.5526268719053268,2,3,0.6431152641125091,4,3,0.44250704934976004,2,0,0.7564707973660301,2,0.4402892848174531,2,1,0.0,2,0.0,1,0,1
846,3,0.4979449260045862,2,0,0.7666696417661947,4,2,0.44250704934976004,2,0,1.0,2,0.9276204056333954,2,0,0.44250704934976004,2,0.0,0,0,2
847,3,0.6003077167403134,2,0,0.3737062065611767,0,1,1.0,3,0,0.44250704934976004,0,0.2783245389773006,2,1,0.0,2,0.0,0,0,1
848,0,0.25853846123061575,2,4,0.39419285845109786,0,3,0.7564707973660301,2,0,1.0,0,0.8229298957469484,2,1,0.0,2,0.0,0,0,1
849,0,0.3563982738645374,2,4,0.2420412993948846,0,4,1.0,2,0,1.0,0,0.7975354953075078,1,1,0.0,1,0.0,0,0,2
850,0,0.5352752709813305,4,0,0.5090748157291993,0,2,1.0,3,2,0.44250704934976004,1,0.3974740277631241,0,0,0.44250704934976004,2,0.0,0,1,2
851,3,0.6003077167403134,4,1,0.6469465451040872,4,3,0.7564707973660301,2,0,1.0,1,0.5906042923951844,2,1,0.44250704934976004,2,0.0,1,0,1
852,3,0.43384612818214896,4,4,0.41175975843597157,0,2,1.0,2,0,1.0,3,0.4402892848174531,2,2,0.44250704934976004,2,0.0,1,0,1
853,0,0.4979449260045862,1,0,0.40712807999205536,0,3,1.0,2,0,1.0,3,0.375112275481718,2,2,0.44250704934976004,1,1.0,0,0,2
854,3,0.7465363402620467,3,0,0.8772931590363235,0,4,0.44250704934976004,2,0,0.44250704934976004,2,0.6239014662166538,2,1,0.44250704934976004,2,1.0,1,0,1
855,3,0.6003077167403134,2,0,0.412233679380388,1,1,1.0,3,0,0.7564707973660301,0,0.3974740277631241,2,1,0.0,2,0.0,1,0,1
856,3,0.29408841067471125,2,8,0.29594217632687814,4,3,1.0,1,0,0.7564707973660301,1,0.5377072805697165,2,1,0.0,2,0.0,1,0,1
857,3,0.43384612818214896,4,3,0.6027615313207118,0,2,1.0,2,0,0.44250704934976004,3,0.2783245389773006,2,2,0.0,2,0.0,1,0,1
858,0,0.43384612818214896,2,0,0.6421181202084076,0,2,0.7564707973660301,1,0,0.44250704934976004,1,0.3037189394167412,2,1,0.0,2,0.0,1,0,2
859,3,0.25853846123061575,2,0,0.6185055071532699,1,2,0.0,2,2,0.44250704934976004,0,0.22479726790398669,2,0,0.0,2,1.0,0,1,1
860,3,0.6003077167403134,4,1,0.7311485276386556,3,2,1.0,2,0,0.44250704934976004,0,0.2520389271633996,2,1,0.44250704934976004,2,0.0,0,0,1
861,3,0.4979449260045862,3,9,0.5021005809590178,0,2,1.0,3,0,0.44250704934976004,2,0.2783245389773006,2,1,0.0,2,0.0,1,0,2
862,0,0.6003077167403134,2,4,0.5293982014294589,0,1,1.0,1,0,1.0,0,0.4402892848174531,2,1,0.0,2,0.0,1,0,2
863,3,0.6425784273978855,4,3,0.6732668882410711,3,1,1.0,2,0,0.44250704934976004,0,0.375112275481718,1,1,0.44250704934976004,1,1.0,1,0,1
864,3,0.29408841067471125,2,3,0.5064575845352468,0,2,0.44250704934976004,2,0,0.44250704934976004,0,0.19652738189166818,0,0,0.0,1,0.0,0,0,2
865,3,0.43384612818214896,2,3,0.5076127933088443,2,2,0.44250704934976004,1,0,1.0,2,0.03654691024993317,2,0,0.0,2,0.0,0,0,1
866,0,0.4979449260045862,2,4,0.5245786899263503,0,1,1.0,1,0,0.0,2,0.2520389271633996,1,1,0.0,2,0.0,0,0,1
867,3,0.3563982738645374,4,3,0.6019247152362803,0,4,0.44250704934976004,2,0,1.0,1,0.5733836932529157,1,1,0.0,2,0.0,0,0,1
868,3,0.7465363402620467,2,9,0.7879712026217951,4,4,0.7564707973660301,2,0,0.44250704934976004,1,0.48078904366979236,2,1,0.44250704934976004,2,0.0,0,0,1
869,0,0.3563982738645374,2,3,0.22256093840767655,0,4,1.0,1,0,1.0,1,0.16714859401602888,2,0,0.0,2,0.0,0,0,1
870,3,0.7465363402620467,3,3,0.7962716685386027,2,3,0.44250704934976004,1,0,1.0,2,0.5377072805697165,2,1,0.44250704934976004,2,0.0,1,0,1
871,2,0.12550150493665424,4,0,0.39058388553705603,0,4,0.0,2,0,1.0,0,0.6400109703637957,2,1,0.44250704934976004,2,1.0,0,1,1
872,0,0.6003077167403134,4,9,0.3972423442934083,1,3,1.0,2,0,0.0,0,0.22479726790398669,2,1,0.44250704934976004,2,0.0,1,0,1
873,3,0.43384612818214896,2,5,0.2906815210153584,4,1,1.0,1,0,0.0,0,0.16714859401602888,2,1,0.0,2,0.0,0,0,1
874,0,0.3563982738645374,2,3,0.6193497159657928,0,2,0.44250704934976004,2,1,0.44250704934976004,1,0.3037189394167412,2,1,0.0,1,1.0,0,0,1
875,1,0.326542971765594,4,0,0.3869180760728297,3,2,1.0,1,0,1.0,2,0.5377072805697165,2,1,0.44250704934976004,2,0.0,0,0,1
876,0,0.4979449260045862,1,4,0.4761407151368602,0,1,0.7564707973660301,2,1,1.0,3,0.46081284458896565,0,2,0.0,3,0.0,1,0,1
877,3,0.7465363402620467,2,4,0.6196735981526293,0,4,1.0,2,0,0.44250704934976004,2,0.2783245389773006,2,1,0.0,2,0.0,0,0,1
878,0,0.25853846123061575,2,0,0.4038792611679187,0,1,0.7564707973660301,2,0,0.44250704934976004,3,0.2520389271633996,2,2,0.0,3,0.0,1,0,2
879,3,0.6805425739815024,4,4,0.7660146679593995,4,3,0.44250704934976004,2,0,0.7564707973660301,1,0.46081284458896565,2,1,0.44250704934976004,2,0.0,0,0,1
880,3,0.6003077167403134,2,1,0.8003581651589649,0,3,0.7564707973660301,2,0,0.7564707973660301,2,0.5002463213084094,2,1,0.0,3,0.0,1,0,1
881,3,0.6003077167403134,2,1,0.8403024416812337,4,2,0.44250704934976004,0,0,1.0,3,0.6712264483428281,2,2,0.0,2,0.0,1,0,1
882,1,0.6805425739815024,4,0,0.5033842648563782,4,4,1.0,2,0,1.0,0,0.46081284458896565,2,1,0.44250704934976004,2,0.0,0,0,1
883,3,0.4979449260045862,4,4,0.3437382007651377,0,0,1.0,1,0,1.0,2,0.8943232318119252,2,1,0.44250704934976004,0,0.0,0,0,1
884,1,0.6003077167403134,2,3,0.6478085659267576,0,3,0.7564707973660301,0,0,0.7564707973660301,2,0.5906042923951844,2,1,0.0,2,0.0,1,0,2
885,0,0.3563982738645374,2,7,0.2686553424500153,0,1,1.0,1,0,1.0,1,0.7440082242341943,2,1,0.0,2,0.0,0,0,2
886,1,0.6003077167403134,4,9,0.5635843924213111,4,3,1.0,2,0,0.7564707973660301,3,0.4191875211794285,2,1,0.44250704934976004,2,1.0,1,0,1
887,1,0.8513107266136218,2,9,0.9623443795265394,0,2,0.44250704934976004,2,0,0.44250704934976004,2,0.1365703454007119,2,1,0.0,2,0.0,1,0,2
888,3,0.7465363402620467,4,0,0.7615535217527833,0,4,1.0,2,0,1.0,2,0.4191875211794285,2,1,0.44250704934976004,3,0.0,1,0,1
889,3,0.6556672144275438,1,1,0.8006558302764151,4,1,0.7564707973660301,2,2,1.0,0,0.5377072805697165,0,0,0.44250704934976004,2,1.0,1,0,1
890,0,0.6425784273978855,4,9,0.5296842232841541,0,4,1.0,2,0,1.0,2,0.5906042923951844,1,1,1.0,3,1.0,1,0,1
891,3,0.43384612818214896,4,4,0.46243326876914503,0,4,1.0,2,0,1.0,2,0.6400109703637957,2,1,0.44250704934976004,2,0.0,1,0,1
892,0,0.3563982738645374,4,0,0.5023150204860445,0,2,1.0,2,0,1.0,1,0.5002463213084094,0,1,0.44250704934976004,1,0.0,0,1,1
893,1,0.7465363402620467,4,1,0.7309880767688695,0,2,0.7564707973660301,2,0,1.0,2,0.4191875211794285,2,1,0.44250704934976004,2,0.0,1,0,1
894,3,0.4979449260045862,4,4,0.35831057421211665,4,2,1.0,2,0,0.7564707973660301,1,0.3037189394167412,2,1,0.44250704934976004,2,0.0,1,0,1
895,3,0.7465363402620467,3,1,0.8318723039153424,4,3,0.7564707973660301,2,0,0.44250704934976004,2,0.3520623623141783,1,1,0.0,3,1.0,1,0,1
896,0,0.5526268719053268,2,4,0.5448083340079015,0,1,1.0,1,0,1.0,1,0.2783245389773006,2,0,0.0,3,0.0,1,0,1
897,3,0.3563982738645374,4,3,0.43014821570594375,3,3,0.7564707973660301,1,0,0.44250704934976004,1,0.4402892848174531,2,1,0.0,2,0.0,0,1,1
898,3,0.43384612818214896,2,3,0.503917050829708,4,3,0.0,1,0,1.0,0,0.3974740277631241,0,0,0.0,1,0.0,0,0,1
899,0,0.4979449260045862,2,3,0.653251169602344,0,2,0.44250704934976004,2,1,0.7564707973660301,2,0.5733836932529157,2,1,0.0,2,0.0,0,0,2
900,0,0.4564586365738693,4,0,0.5464986558680216,0,4,0.44250704934976004,2,2,1.0,1,0.5906042923951844,0,0,0.0,2,0.0,1,0,2
901,3,0.5352752709813305,4,0,0.6124419660368121,4,1,0.44250704934976004,0,0,1.0,0,0.607437878833482,2,1,0.44250704934976004,2,0.0,1,0,1
902,3,0.7465363402620467,4,1,0.8686151766681798,4,4,0.44250704934976004,2,0,1.0,3,0.5733836932529157,2,2,0.44250704934976004,2,0.0,0,0,1
903,3,0.43384612818214896,2,4,0.39791461650113025,4,2,1.0,3,0,0.44250704934976004,0,0.5377072805697165,2,0,0.0,2,0.0,1,0,1
904,3,0.6003077167403134,2,4,0.379044873633509,0,4,1.0,2,0,0.0,0,0.46081284458896565,2,1,0.0,3,0.0,1,0,1
905,0,0.3563982738645374,2,4,0.3456366859704161,0,2,0.44250704934976004,2,0,0.44250704934976004,0,0.03654691024993317,2,0,0.0,3,1.0,1,0,1
906,0,0.5526268719053268,2,0,0.6303020875755085,4,3,0.44250704934976004,2,1,0.44250704934976004,0,0.16714859401602888,2,1,0.0,1,0.0,0,1,1
907,1,0.7465363402620467,2,7,0.6270638725154671,4,2,0.44250704934976004,3,0,0.44250704934976004,2,0.2520389271633996,2,1,0.0,2,0.0,0,0,1
908,3,0.43384612818214896,3,1,0.6196088577572392,0,1,0.0,1,0,0.44250704934976004,1,0.6400109703637957,2,1,0.44250704934976004,1,0.0,0,0,1
909,1,0.25853846123061575,2,0,0.5922243912485716,4,2,0.0,1,0,0.44250704934976004,0,0.3974740277631241,2,1,0.0,1,0.0,0,0,1
910,3,0.7465363402620467,3,4,0.669534959165514,0,2,1.0,1,0,1.0,0,0.4191875211794285,2,1,0.44250704934976004,2,0.0,0,0,1
911,1,0.6003077167403134,4,3,0.6838219258868767,0,1,0.44250704934976004,1,0,1.0,2,0.19652738189166818,0,1,0.0,1,0.0,0,0,2
912,1,0.6805425739815024,2,4,0.5768710853093244,4,4,0.44250704934976004,1,0,1.0,2,0.19652738189166818,2,1,0.0,2,0.0,0,0,1
913,3,0.326542971765594,2,9,0.49918614435535225,3,4,0.0,0,0,0.44250704934976004,0,0.2783245389773006,2,1,0.0,2,0.0,1,0,1
914,0,0.6003077167403134,1,9,0.589734805055794,0,2,1.0,2,0,0.44250704934976004,1,0.3520623623141783,2,0,0.0,2,0.0,1,0,2
915,1,0.8513107266136218,0,2,1.0,0,2,0.0,1,0,0.44250704934976004,1,0.375112275481718,0,1,0.0,3,0.0,1,1,2
916,3,0.29408841067471125,2,1,0.565471205949593,1,2,0.0,2,1,0.44250704934976004,0,0.375112275481718,2,1,0.0,2,1.0,0,0,1
917,0,0.12550150493665424,2,0,0.9505241958958566,0,4,0.0,2,0,1.0,3,0.9276204056333954,0,1,0.0,3,0.0,1,0,2
918,0,0.6003077167403134,2,3,0.5216383465336367,1,0,0.0,0,0,0.0,1,0.3974740277631241,2,1,0.0,2,0.0,0,0,2
919,0,0.6003077167403134,2,3,0.6029007086582663,0,4,1.0,2,0,0.44250704934976004,1,0.5192109563302072,2,0,0.0,3,0.0,1,0,2
920,3,0.4979449260045862,4,3,0.46090185475783785,0,2,1.0,1,0,0.44250704934976004,3,0.2783245389773006,2,1,0.44250704934976004,2,0.0,0,0,1
921,3,0.8513107266136218,3,4,0.9142978950698231,2,3,1.0,2,0,0.0,2,0.48078904366979236,2,1,0.0,3,0.0,1,0,1
922,0,0.25853846123061575,2,4,0.3945336697713142,0,1,0.7564707973660301,1,0,1.0,1,0.10469050988644657,2,0,0.0,2,0.0,0,0,2
923,1,0.3563982738645374,2,0,0.4834597732403385,0,3,0.7564707973660301,2,0,1.0,1,0.32828058482669586,2,0,0.0,2,1.0,1,0,1
924,0,0.6003077167403134,1,3,0.7704596666742876,0,1,0.44250704934976004,0,0,0.0,1,0.7712498834936072,0,1,0.0,2,0.0,1,0,2
925,0,0.3563982738645374,1,0,0.23807346315001854,0,1,1.0,2,0,0.44250704934976004,2,0.6400109703637957,0,1,0.44250704934976004,2,0.0,1,0,2
926,0,0.4979449260045862,4,3,0.3331212555082932,0,1,1.0,1,0,1.0,1,0.07139333606497722,2,0,0.0,2,0.0,0,0,1
927,0,0.8513107266136218,2,1,0.86458163945009,0,3,1.0,2,0,1.0,3,0.5192109563302072,1,2,0.7564707973660301,2,1.0,1,0,2
928,3,0.6805425739815024,2,4,0.4672173286832695,4,4,1.0,2,0,1.0,2,0.8103403040715502,2,1,0.0,2,0.0,1,0,1
929,0,0.3563982738645374,3,0,0.39075701614386604,0,2,1.0,2,0,0.44250704934976004,0,0.5906042923951844,2,1,0.44250704934976004,1,1.0,0,0,1
930,0,0.6003077167403134,2,3,0.45176204562986766,0,1,1.0,2,1,0.0,1,0.16714859401602888,2,1,0.0,1,0.0,0,1,1
931,1,0.25853846123061575,2,4,0.4412755664404837,0,1,1.0,1,0,0.44250704934976004,2,0.10469050988644657,2,1,0.0,2,0.0,1,0,2
932,3,0.25853846123061575,4,0,0.3690035397472742,0,2,0.7564707973660301,2,0,0.0,0,0.32828058482669586,2,1,0.44250704934976004,2,0.0,0,0,1
933,3,0.3563982738645374,4,4,0.17088609942631483,2,4,1.0,2,0,1.0,1,0.5733836932529157,2,1,0.44250704934976004,2,1.0,1,0,1
934,0,0.3563982738645374,2,4,0.4159907065767843,0,2,1.0,1,0,0.0,2,0.1365703454007119,0,1,0.0,2,0.0,0,0,1
935,1,0.6805425739815024,3,4,0.4736085710828746,1,1,1.0,2,0,0.7564707973660301,3,0.32828058482669586,1,1,0.44250704934976004,3,0.0,0,0,2
936,2,0.25853846123061575,2,4,0.2535544525793558,0,2,0.7564707973660301,1,0,0.44250704934976004,0,0.2783245389773006,2,1,0.0,1,0.0,0,0,2
937,1,0.12550150493665424,2,4,0.49044294727932924,0,1,1.0,3,0,0.7564707973660301,2,0.32828058482669586,2,0,0.0,3,0.0,1,0,1
938,1,0.9330159884761532,2,7,0.7497896494959373,0,2,1.0,2,0,1.0,3,0.5733836932529157,2,2,0.0,2,0.0,0,0,2
939,3,0.6003077167403134,4,1,0.7694414056886343,4,2,0.44250704934976004,2,0,1.0,1,0.6400109703637957,2,1,0.44250704934976004,3,1.0,1,0,1
940,3,0.3563982738645374,2,0,0.6152297130108777,4,1,0.44250704934976004,2,0,0.7564707973660301,1,0.6239014662166538,2,1,0.0,3,1.0,1,0,1
941,3,0.29408841067471125,2,0,0.4233275951694351,0,2,0.7564707973660301,2,0,0.44250704934976004,0,0.3520623623141783,2,1,0.0,1,1.0,0,1,1
942,3,0.6003077167403134,2,3,0.3048715924423022,4,3,1.0,2,0,0.44250704934976004,2,0.3520623623141783,1,1,0.0,2,0.0,1,0,1
943,3,0.0,4,0,0.4092157539869261,0,3,0.44250704934976004,2,0,0.0,0,0.5733836932529157,2,1,0.7564707973660301,1,1.0,0,0,1
944,0,0.43384612818214896,2,3,0.4644596066154234,0,1,1.0,1,2,0.0,1,0.6400109703637957,2,0,0.0,2,0.0,0,0,1
945,1,0.8513107266136218,0,0,0.8160224272668151,2,1,0.0,1,0,0.0,2,0.32828058482669586,2,1,0.44250704934976004,2,0.0,0,0,1
946,0,0.6003077167403134,1,3,0.6031788139364189,2,1,1.0,2,0,1.0,3,0.32828058482669586,2,2,0.0,2,1.0,1,0,2
947,3,0.3563982738645374,2,0,0.5663682170408573,4,0,1.0,2,0,1.0,3,0.5002463213084094,2,1,0.0,3,0.0,1,0,1
948,3,0.4979449260045862,2,3,0.42136324519870727,0,1,1.0,3,1,0.0,1,0.5906042923951844,2,1,0.0,1,1.0,0,0,2
949,3,0.6003077167403134,2,4,0.6213505592275099,1,4,0.44250704934976004,2,0,1.0,2,0.3520623623141783,2,1,0.44250704934976004,2,0.0,0,0,2
950,1,0.4979449260045862,4,9,0.6193497159657928,0,0,0.7564707973660301,3,0,0.7564707973660301,2,0.5377072805697165,2,1,0.7564707973660301,0,1.0,1,0,1
951,0,0.7465363402620467,3,9,0.49951177848184347,0,3,0.44250704934976004,2,0,0.0,2,0.16714859401602888,2,1,0.44250704934976004,2,0.0,1,0,2
952,1,0.6003077167403134,2,1,0.6509988628174372,2,1,0.7564707973660301,1,0,1.0,2,0.2783245389773006,2,0,0.0,2,0.0,0,0,2
953,3,0.7465363402620467,2,3,0.8794024256698179,0,0,1.0,1,0,0.44250704934976004,2,0.22479726790398669,2,1,0.44250704934976004,3,0.0,1,0,2
954,0,0.3563982738645374,2,0,0.4704348846140556,0,2,1.0,1,2,1.0,1,0.3037189394167412,2,1,0.0,2,0.0,1,0,1
955,0,0.6003077167403134,4,4,0.3703298914277484,3,4,1.0,1,0,1.0,1,0.7975354953075078,2,0,0.44250704934976004,3,0.0,1,0,1
956,2,0.6805425739815024,4,4,0.6235890963735142,4,4,1.0,2,0,1.0,1,0.6863595503462365,1,1,0.44250704934976004,1,0.0,0,0,1
957,1,0.25853846123061575,4,4,0.35530699589192016,0,4,0.44250704934976004,2,0,1.0,0,0.48078904366979236,2,1,0.7564707973660301,1,0.0,0,0,1
958,0,0.6556672144275438,2,0,0.6448645766298498,0,2,0.7564707973660301,2,0,0.44250704934976004,2,0.6239014662166538,2,1,0.0,1,0.0,0,0,2
959,1,0.6003077167403134,2,3,0.5828616432518494,1,4,1.0,2,0,1.0,3,0.32828058482669586,2,2,0.0,2,0.0,0,0,1
960,3,0.12550150493665424,4,4,0.4508280124873276,0,4,0.44250704934976004,3,0,0.44250704934976004,0,0.32828058482669586,2,0,0.44250704934976004,2,0.0,0,0,1
961,1,0.5526268719053268,3,0,0.5210457944356499,0,2,0.0,0,0,1.0,1,0.6557813017309195,2,1,0.44250704934976004,2,0.0,0,0,1
962,3,0.43384612818214896,2,0,0.6171352843059585,4,2,0.7564707973660301,2,0,0.44250704934976004,3,0.3037189394167412,2,1,0.0,2,0.0,0,0,1
963,3,0.6003077167403134,2,4,0.525356548929655,2,4,0.7564707973660301,2,0,0.44250704934976004,2,0.4402892848174531,0,1,0.44250704934976004,2,0.0,1,0,2
964,1,0.12550150493665424,2,6,0.1384643825559433,0,1,0.7564707973660301,3,0,0.0,1,0.10469050988644657,2,1,0.0,1,0.0,0,0,1
965,1,0.6805425739815024,2,4,0.44746124725605774,4,2,1.0,1,0,0.0,2,0.22479726790398669,2,1,0.0,2,0.0,0,0,1
966,1,0.6425784273978855,4,4,0.5370000466269795,2,2,1.0,2,0,0.44250704934976004,1,0.1365703454007119,2,1,0.44250704934976004,1,0.0,0,0,2
967,3,0.43384612818214896,2,4,0.6179192561616649,0,4,1.0,1,0,0.44250704934976004,2,0.7577528864112137,0,0,0.0,3,0.0,1,0,1
968,3,0.8025904231702906,2,4,0.7802097504235044,4,3,0.44250704934976004,3,0,1.0,1,0.3037189394167412,2,0,0.0,2,0.0,1,0,1
969,0,0.326542971765594,4,0,0.640939514702443,0,2,0.0,2,0,0.44250704934976004,0,0.5377072805697165,2,1,0.44250704934976004,1,1.0,0,0,1
970,1,0.43384612818214896,2,6,0.41846212026490304,1,2,1.0,2,2,0.44250704934976004,0,0.10469050988644657,2,1,0.0,2,0.0,0,0,1
971,3,0.6003077167403134,2,0,0.7874680430848913,0,2,0.0,2,0,1.0,1,0.5906042923951844,2,1,0.0,1,1.0,0,0,1
972,0,0.6003077167403134,1,0,0.36303711406743555,0,0,0.0,1,1,1.0,3,0.3037189394167412,2,0,0.44250704934976004,0,0.0,0,0,2
973,0,0.9330159884761532,2,9,0.7844260296506289,0,4,1.0,2,1,1.0,3,0.46081284458896565,2,0,0.0,2,0.0,0,0,2
974,3,0.6805425739815024,4,4,0.5640780810265715,0,2,1.0,1,0,0.44250704934976004,2,0.3974740277631241,2,1,0.0,2,0.0,1,0,1
975,2,0.6003077167403134,2,4,0.375376175310991,2,2,0.7564707973660301,1,0,0.7564707973660301,2,0.7975354953075078,2,1,0.0,1,0.0,0,0,1
976,1,0.12550150493665424,2,4,0.2560373997495551,0,2,0.44250704934976004,1,2,0.7564707973660301,0,0.8828869322379043,2,1,0.0,2,0.0,0,0,1
977,1,0.4979449260045862,3,9,0.5282505864995357,4,4,1.0,2,0,0.44250704934976004,1,0.5733836932529157,2,1,0.44250704934976004,2,0.0,0,0,1
978,3,0.6003077167403134,3,0,0.5386561538586738,0,4,1.0,2,0,1.0,2,0.6557813017309195,2,1,0.44250704934976004,1,1.0,0,0,2
979,1,0.43384612818214896,1,0,0.3764828687908357,1,2,0.44250704934976004,3,0,0.44250704934976004,1,0.19652738189166818,2,0,0.0,2,0.0,0,0,2
980,1,0.6805425739815024,4,3,0.816800843676392,0,3,0.44250704934976004,2,0,0.44250704934976004,1,0.6863595503462365,2,1,0.0,2,0.0,0,0,2
981,3,0.8513107266136218,2,9,0.6890694037370138,0,0,0.7564707973660301,2,0,0.44250704934976004,2,0.3974740277631241,0,0,0.0,3,0.0,1,0,2
982,2,0.5526268719053268,2,0,0.5715197211221521,1,2,0.0,1,0,0.0,2,0.2783245389773006,0,1,0.0,3,0.0,1,0,1
983,0,0.7465363402620467,2,1,0.8124021411846769,0,2,0.44250704934976004,2,0,0.44250704934976004,1,0.22479726790398669,2,1,0.0,2,1.0,0,0,2
984,3,0.6003077167403134,4,3,0.4864618616490235,0,3,0.44250704934976004,2,0,0.44250704934976004,1,0.32828058482669586,2,1,0.44250704934976004,1,0.0,0,0,1
985,0,0.43384612818214896,4,3,0.40567172014155095,0,2,1.0,1,0,0.7564707973660301,1,0.19652738189166818,2,0,0.44250704934976004,2,0.0,0,0,1
986,2,0.8025904231702906,0,9,0.749826659447542,0,1,0.44250704934976004,0,0,0.0,1,0.3974740277631241,2,1,0.44250704934976004,2,0.0,0,0,1
987,3,0.38403996616726976,2,4,0.4017429502525003,1,0,0.44250704934976004,1,0,1.0,0,0.8828869322379043,2,1,0.0,2,0.0,0,0,1
988,0,0.6003077167403134,2,1,0.7603186430469497,0,0,1.0,2,0,0.44250704934976004,3,0.3037189394167412,2,2,0.0,3,0.0,1,0,1
989,1,0.6003077167403134,4,4,0.4512287714215424,0,4,1.0,2,0,0.44250704934976004,1,0.6712264483428281,2,1,0.44250704934976004,1,0.0,0,0,1
990,3,0.3563982738645374,4,7,0.6177235105943133,4,1,0.44250704934976004,2,0,0.0,1,0.48078904366979236,2,1,0.44250704934976004,1,1.0,0,0,1
991,3,0.43384612818214896,1,4,0.42676288631095605,1,4,1.0,2,0,1.0,2,0.4191875211794285,0,1,0.0,1,1.0,0,0,1
992,0,0.4979449260045862,2,4,0.47566052086625565,4,3,0.44250704934976004,3,0,1.0,2,0.1365703454007119,2,0,0.44250704934976004,1,0.0,0,0,1
993,0,0.7465363402620467,2,3,0.6421181202084076,0,0,1.0,2,0,0.7564707973660301,1,0.32828058482669586,2,1,0.0,3,0.0,1,0,1
994,3,0.3563982738645374,2,0,0.5246760645732944,4,4,1.0,2,0,0.7564707973660301,2,0.7011929671798653,2,1,0.0,2,0.0,1,0,1
995,3,0.3563982738645374,2,3,0.4502925916874305,0,3,0.7564707973660301,1,0,1.0,0,0.3520623623141783,2,1,0.0,1,0.0,0,0,1
996,0,0.6805425739815024,2,1,0.6360438545392111,0,2,1.0,0,0,1.0,1,0.5377072805697165,2,1,0.0,3,0.0,1,0,1
997,3,0.3563982738645374,2,4,0.2712724428613902,0,4,1.0,2,0,1.0,2,0.5002463213084094,2,1,0.0,2,0.0,0,0,1
998,0,0.8277454918906358,2,4,0.4644596066154234,0,2,1.0,2,0,1.0,3,0.1365703454007119,2,2,0.0,2,0.0,1,0,2
999,1,0.8277454918906358,4,1,0.6758237471004866,1,0,0.7564707973660301,2,0,1.0,2,0.2520389271633996,2,1,0.0,2,0.0,0,0,1
